article_id,total_triples,text_length,density_metric,count_actor,instrument_count,has_policy_objective,has_monitoring_provisions,has_sanctioning_provisions,relation_direct_addresses,relation_direct_authorises,relation_establishes_authority,relation_grants_legislative_authority,relation_grants_monitoring_authority,relation_imposes_monitoring,relation_contains_instrument,relation_specifies_compliance_time,relation_specifies_in_effect_time,relation_specifies_monitoring_time,actor_Member_States,actor_European_Commission,actor_European_Parliament,actor_Council_of_EU,actor_European_Council,actor_European_Union,actor_ACER,actor_Eurostat,class_compliance_time_count,class_in_effect_time_count,class_monitoring_time_count,has_instrument_Education_Outreach,has_instrument_Research_Development,has_instrument_Regulatory,has_instrument_Framework_Policy,has_instrument_Subsidies,has_instrument_Voluntary_Agreement,has_instrument_Tradable_Permit,has_instrument_Public_Investment,has_instrument_Tax_Incentives,property_diversity,class_diversity,instrument_diversity,compliance_diversity,policy_id,chapter,section,coverage_score
EU_32012L0027_Title_0_Chapter_4_Section_0_Article_17,12,1624,135.33333333333334,4,3,0,1,0,2,1,0,0,1,0,3,0,0,0,1,1,0,0,0,0,0,0,0,0,0,1,1,1,0,0,0,0,0,0,7,0,3,1,32012L0027,4,0,15
EU_32019L0944_Title_0_Chapter_6_Section_2_Article_44,10,4082,408.2,2,2,1,1,0,0,2,0,0,0,0,2,0,0,0,1,1,0,0,0,0,0,0,0,0,0,0,0,1,1,0,0,0,0,0,4,0,2,2,32019L0944,6,2,12
EU_32018R1999_Title_0_Chapter_6_Section_3_Article_38,37,3495,94.45945945945945,3,0,1,1,0,0,1,0,0,1,1,0,1,0,8,1,1,0,0,0,0,0,0,1,0,8,0,0,0,0,0,0,0,0,0,12,9,0,2,32018R1999,6,3,34
EU_32018R1999_Title_0_Chapter_7_Section_3_Article_48,17,826,48.588235294117645,3,0,0,1,0,0,1,0,0,1,1,0,0,0,3,1,1,0,0,0,0,0,0,0,0,3,0,0,0,0,0,0,0,0,0,6,3,0,1,32018R1999,7,3,14
EU_32019R0631_Title_0_Chapter_0_Section_0_Article_18,8,275,34.375,0,0,0,0,0,0,0,0,0,0,0,0,0,1,0,0,0,0,0,0,0,0,0,0,1,0,0,0,0,0,0,0,0,0,0,1,1,0,0,32019R0631,0,0,3
EU_32012L0027_Title_0_Chapter_2_Section_0_Article_09,13,4124,317.2307692307692,2,2,1,0,0,1,1,0,0,0,0,2,1,0,0,1,0,0,0,0,0,0,0,1,0,0,1,0,1,0,0,0,0,0,0,5,1,2,1,32012L0027,2,0,13
EU_32009L0028_Title_0_Chapter_0_Section_0_Article_27,11,641,58.27272727272727,2,1,0,0,0,1,1,0,0,0,0,1,1,0,0,1,1,0,0,0,0,0,0,1,0,0,0,0,1,0,0,0,0,0,0,4,1,1,0,32009L0028,0,0,8
EU_32009L0028_Title_0_Chapter_0_Section_0_Article_26,16,385,24.0625,0,0,0,0,0,0,0,0,0,0,0,0,0,3,0,0,0,0,0,0,0,0,0,0,3,0,0,0,0,0,0,0,0,0,0,3,3,0,0,32009L0028,0,0,9
EU_32018R1999_Title_0_Chapter_3_Section_0_Article_16,6,626,104.33333333333333,0,1,1,0,0,0,0,0,0,0,0,1,0,0,0,0,0,0,0,0,0,0,0,0,0,0,0,0,0,1,0,0,0,0,0,1,0,1,1,32018R1999,3,0,5
EU_32012L0027_Title_0_Chapter_2_Section_0_Article_08,23,4165,181.08695652173913,4,4,1,1,0,1,2,0,0,1,0,4,0,0,3,1,1,0,0,0,0,0,0,0,0,3,1,0,1,0,1,1,0,0,0,11,3,4,2,32012L0027,2,0,29
EU_32013R0525_Title_0_Chapter_2_Section_0_Article_04,16,1408,88.0,5,1,1,1,0,1,2,0,0,1,1,1,0,0,1,1,1,0,0,0,1,0,0,0,0,1,0,0,0,1,0,0,0,0,0,7,1,1,2,32013R0525,2,0,15
EU_32019R0631_Title_0_Chapter_0_Section_0_Article_19,12,299,24.916666666666668,1,0,0,0,0,1,0,0,0,0,0,0,0,2,0,1,0,0,0,0,0,0,0,0,2,0,0,0,0,0,0,0,0,0,0,3,2,0,0,32019R0631,0,0,7
EU_32018R1999_Title_0_Chapter_7_Section_3_Article_49,4,181,45.25,0,0,0,0,0,0,0,0,0,0,0,0,0,0,0,0,0,0,0,0,0,0,0,0,0,0,0,0,0,0,0,0,0,0,0,0,0,0,0,32018R1999,7,3,0
EU_32018R1999_Title_0_Chapter_6_Section_3_Article_39,14,1862,133.0,4,0,1,1,0,3,1,0,0,0,0,0,1,0,0,1,1,0,0,0,1,0,0,1,0,0,0,0,0,0,0,0,0,0,0,5,1,0,2,32018R1999,6,3,11
EU_32019L0944_Title_0_Chapter_6_Section_2_Article_45,10,1538,153.8,0,1,1,1,0,0,0,0,0,0,0,1,0,0,1,0,0,0,0,0,0,0,0,0,0,1,0,0,1,0,0,0,0,0,0,2,1,1,2,32019L0944,6,2,10
EU_32012L0027_Title_0_Chapter_4_Section_0_Article_16,16,1216,76.0,3,2,1,1,0,0,1,0,0,1,1,2,1,0,0,1,1,0,0,0,0,0,0,1,0,0,1,0,1,0,0,0,0,0,0,6,1,2,2,32012L0027,4,0,16
EU_32019L0944_Title_0_Chapter_2_Section_0_Article_08,13,2570,197.69230769230768,3,1,1,0,0,1,0,0,2,0,0,1,1,0,0,1,0,1,1,0,0,0,0,1,0,0,0,0,1,0,0,0,0,0,0,5,1,1,1,32019L0944,2,0,11
EU_32009L0028_Title_0_Chapter_0_Section_0_Article_24,14,1706,121.85714285714286,3,3,1,1,0,0,1,0,0,1,1,3,0,0,0,1,1,0,0,0,0,0,0,0,0,0,1,0,0,1,0,0,1,0,0,6,0,3,2,32009L0028,0,0,16
EU_32019L0944_Title_0_Chapter_6_Section_4_Article_54,17,3212,188.94117647058823,3,2,1,1,0,0,3,0,0,0,0,2,2,0,0,1,1,0,0,0,0,1,0,2,0,0,0,0,1,0,0,0,1,0,0,7,2,2,2,32019L0944,6,4,19
EU_32009L0028_Title_0_Chapter_0_Section_0_Article_18,33,8607,260.8181818181818,9,2,1,1,1,0,3,0,0,4,2,2,1,0,3,1,1,1,1,0,0,0,0,1,0,3,0,0,1,0,0,1,0,0,0,15,4,2,3,32009L0028,0,0,33
EU_32009L0028_Title_0_Chapter_0_Section_0_Article_19,33,6446,195.33333333333334,7,1,0,1,0,0,1,0,2,3,1,1,2,0,4,1,1,1,1,0,0,0,0,2,0,4,0,0,1,0,0,0,0,0,0,14,6,1,1,32009L0028,0,0,30
EU_32009L0028_Title_0_Chapter_0_Section_0_Article_25,5,659,131.8,1,0,0,0,0,0,1,0,0,0,0,0,0,0,0,0,1,0,0,0,0,0,0,0,0,0,0,0,0,0,0,0,0,0,0,1,0,0,0,32009L0028,0,0,1
EU_32018R1999_Title_0_Chapter_3_Section_0_Article_15,32,5180,161.875,3,2,1,1,0,1,1,0,0,0,1,2,2,0,4,1,1,0,0,0,0,0,0,2,0,4,0,1,0,1,0,0,0,0,0,11,6,2,2,32018R1999,3,0,31
EU_32019L0944_Title_0_Chapter_2_Section_0_Article_09,15,2695,179.66666666666666,2,3,1,1,0,0,0,0,0,1,1,3,0,0,1,1,1,0,0,0,0,0,0,0,0,1,0,0,1,0,1,0,1,0,0,6,1,3,2,32019L0944,2,0,18
EU_32008R1099_Title_0_Chapter_0_Section_0_Article_08,26,635,24.423076923076923,2,1,0,1,0,0,0,0,0,2,0,1,0,0,6,0,1,0,0,0,0,0,1,0,0,6,0,0,1,0,0,0,0,0,0,9,6,1,1,32008R1099,0,0,25
EU_32013R0525_Title_0_Chapter_6_Section_0_Article_16,13,1394,107.23076923076923,4,0,1,1,0,2,0,0,0,2,0,0,0,0,1,1,1,0,0,0,1,0,0,0,0,1,0,0,0,0,0,0,0,0,0,5,1,0,2,32013R0525,6,0,11
EU_32019L0944_Title_0_Chapter_6_Section_5_Article_55,10,658,65.8,3,1,1,1,0,1,1,0,0,1,0,1,0,0,0,1,0,0,0,0,0,0,0,0,0,0,0,0,1,0,0,0,0,0,0,4,0,1,2,32019L0944,6,5,10
EU_32019L0944_Title_0_Chapter_6_Section_3_Article_46,10,3671,367.1,2,2,1,1,0,0,0,0,2,0,0,2,0,0,0,0,0,1,1,0,0,0,0,0,0,0,0,0,1,0,0,0,1,0,0,4,0,2,2,32019L0944,6,3,12
EU_32009L0028_Title_0_Chapter_0_Section_0_Article_09,12,5302,441.8333333333333,3,2,1,1,0,0,1,0,0,1,1,2,0,0,0,1,1,0,0,0,0,0,0,0,0,0,0,0,0,1,0,0,0,1,0,5,0,2,2,32009L0028,0,0,13
EU_32006L0032_Title_0_Chapter_3_Section_0_Article_12,15,1495,99.66666666666667,4,2,0,1,0,1,1,0,2,0,0,2,0,1,0,1,0,1,1,0,0,0,0,0,1,0,0,0,1,0,0,1,0,0,0,7,1,2,1,32006L0032,3,0,15
EU_32006L0032_Title_0_Chapter_3_Section_0_Article_06,14,4283,305.92857142857144,2,4,0,1,0,1,0,0,0,1,0,4,0,0,1,1,0,0,0,0,0,0,0,0,0,1,0,0,1,0,1,1,1,0,0,7,1,4,1,32006L0032,3,0,19
EU_32009L0028_Title_0_Chapter_0_Section_0_Article_21,9,841,93.44444444444444,1,2,1,1,0,1,0,0,0,0,0,2,0,0,0,1,0,0,0,0,0,0,0,0,0,0,1,0,1,0,0,0,0,0,0,3,0,2,2,32009L0028,0,0,11
EU_32009L0028_Title_0_Chapter_0_Section_0_Article_20,4,342,85.5,0,0,0,0,0,0,0,0,0,0,0,0,0,0,0,0,0,0,0,0,0,0,0,0,0,0,0,0,0,0,0,0,0,0,0,0,0,0,0,32009L0028,0,0,0
EU_32006L0032_Title_0_Chapter_3_Section_0_Article_07,9,707,78.55555555555556,2,2,1,0,0,1,1,0,0,0,0,2,0,0,0,1,1,0,0,0,0,0,0,0,0,0,1,0,0,1,0,0,0,0,0,4,0,2,1,32006L0032,3,0,10
EU_32009L0028_Title_0_Chapter_0_Section_0_Article_08,13,1597,122.84615384615384,2,0,1,1,0,0,0,0,0,1,1,0,0,0,1,1,1,0,0,0,0,0,0,0,0,1,0,0,0,0,0,0,0,0,0,3,1,0,2,32009L0028,0,0,9
EU_32006L0032_Title_0_Chapter_3_Section_0_Article_13,6,2464,410.6666666666667,1,1,0,0,0,1,0,0,0,0,0,1,0,0,0,1,0,0,0,0,0,0,0,0,0,0,1,0,0,0,0,0,0,0,0,2,0,1,0,32006L0032,3,0,4
EU_32019L0944_Title_0_Chapter_6_Section_3_Article_47,10,3711,371.1,1,3,1,1,0,0,1,0,0,0,0,3,0,0,0,1,0,0,0,0,0,0,0,0,0,0,0,0,1,1,0,0,1,0,0,4,0,3,2,32019L0944,6,3,14
EU_32008R1099_Title_0_Chapter_0_Section_0_Article_09,16,1581,98.8125,6,1,1,1,0,3,0,0,0,3,0,1,0,0,1,1,1,0,0,0,0,0,1,0,0,1,0,0,1,0,0,0,0,0,0,8,1,1,2,32008R1099,0,0,16
EU_32013R0525_Title_0_Chapter_6_Section_0_Article_17,14,2056,146.85714285714286,3,1,1,1,0,0,0,0,1,1,1,1,0,0,1,1,1,0,0,0,0,0,0,0,0,1,0,0,0,0,0,0,0,1,0,5,1,1,2,32013R0525,6,0,13
EU_32013R0525_Title_0_Chapter_6_Section_0_Article_15,15,559,37.266666666666666,2,1,1,1,0,0,0,0,0,1,1,1,0,0,2,1,1,0,0,0,0,0,0,0,0,2,0,0,0,1,0,0,0,0,0,5,2,1,2,32013R0525,6,0,15
EU_32019R0631_Title_0_Chapter_0_Section_0_Article_09,17,1644,96.70588235294117,1,2,1,1,0,0,1,0,0,0,0,2,2,0,0,0,1,0,0,0,0,0,0,2,0,0,1,0,1,0,0,0,0,0,0,5,2,2,2,32019R0631,0,0,17
EU_32019L0944_Title_0_Chapter_6_Section_5_Article_56,10,1598,159.8,1,3,1,1,0,1,0,0,0,0,0,3,0,0,0,1,0,0,0,0,0,0,0,0,0,0,0,0,1,0,1,0,1,0,0,4,0,3,2,32019L0944,6,5,14
EU_32018R1999_Title_0_Chapter_7_Section_3_Article_59,12,390,32.5,1,0,0,0,0,1,0,0,0,0,0,0,0,2,0,1,0,0,0,0,0,0,0,0,2,0,0,0,0,0,0,0,0,0,0,3,2,0,0,32018R1999,7,3,7
EU_32019L0944_Title_0_Chapter_4_Section_0_Article_38,10,2193,219.3,2,3,0,1,0,1,1,0,0,0,0,3,0,0,0,1,0,0,0,0,0,0,0,0,0,0,0,0,1,0,0,0,1,0,1,5,0,3,1,32019L0944,4,0,13
EU_32019L0944_Title_0_Chapter_6_Section_3_Article_51,14,4395,313.92857142857144,2,3,1,1,0,1,1,0,0,0,0,3,0,0,1,1,0,0,0,0,0,1,0,0,0,1,0,0,1,1,0,0,0,0,1,6,1,3,2,32019L0944,6,3,18
EU_32018R1999_Title_0_Chapter_4_Section_2_Article_26,59,4022,68.16949152542372,5,0,0,1,1,1,1,0,1,1,1,0,3,1,11,1,1,0,0,0,0,0,0,3,1,11,0,0,0,0,0,0,0,0,0,20,15,0,2,32018R1999,4,2,54
EU_32006L0032_Title_0_Chapter_3_Section_0_Article_11,9,1345,149.44444444444446,1,3,1,0,0,1,0,0,0,0,0,3,0,0,0,1,0,0,0,0,0,0,0,0,0,0,1,0,0,0,1,0,0,1,0,4,0,3,1,32006L0032,3,0,12
EU_32019L0944_Title_0_Chapter_6_Section_4_Article_52,13,2729,209.92307692307693,3,1,1,1,0,1,2,0,0,0,0,1,1,0,0,1,1,0,0,0,0,0,0,1,0,0,0,0,1,0,0,0,0,0,0,5,1,1,2,32019L0944,6,4,13
EU_32009L0028_Title_0_Chapter_0_Section_0_Article_22,22,4183,190.13636363636363,2,4,1,1,0,0,0,0,0,1,1,4,0,0,3,1,1,0,0,0,0,0,0,0,0,3,1,1,1,1,0,0,0,0,0,9,3,4,2,32009L0028,0,0,27
EU_32009L0028_Title_0_Chapter_0_Section_0_Article_23,40,7844,196.1,9,3,1,1,1,0,3,0,2,3,1,3,2,0,4,1,1,1,1,0,0,0,0,2,0,4,0,0,1,1,0,0,0,1,0,18,6,3,3,32009L0028,0,0,42
EU_32019L0944_Title_0_Chapter_6_Section_4_Article_53,25,5329,213.16,6,1,1,1,0,2,3,0,0,1,0,1,4,0,0,1,1,0,0,0,1,0,0,4,0,0,0,0,1,0,0,0,0,0,0,11,4,1,2,32019L0944,6,4,25
EU_32006L0032_Title_0_Chapter_3_Section_0_Article_10,7,793,113.28571428571429,1,2,0,0,0,1,0,0,0,0,0,2,0,0,0,1,0,0,0,0,0,0,0,0,0,0,0,0,1,0,0,0,0,0,1,3,0,2,0,32006L0032,3,0,7
EU_32018R1999_Title_0_Chapter_4_Section_2_Article_27,38,1256,33.05263157894737,2,1,1,1,0,0,0,0,0,1,1,1,3,2,3,1,1,0,0,0,0,0,0,3,2,3,0,0,1,0,0,0,0,0,0,11,8,1,2,32018R1999,4,2,33
EU_32019L0944_Title_0_Chapter_6_Section_3_Article_50,19,4816,253.47368421052633,1,4,0,1,0,1,0,0,0,0,0,4,0,0,3,1,0,0,0,0,0,0,0,0,0,3,0,0,1,1,0,0,1,0,1,8,3,4,1,32019L0944,6,3,24
EU_32019L0944_Title_0_Chapter_4_Section_0_Article_39,4,287,71.75,0,0,0,0,0,0,0,0,0,0,0,0,0,0,0,0,0,0,0,0,0,0,0,0,0,0,0,0,0,0,0,0,0,0,0,0,0,0,0,32019L0944,4,0,0
EU_32018R1999_Title_0_Chapter_7_Section_3_Article_58,24,935,38.958333333333336,0,1,0,1,0,0,0,0,0,0,0,1,0,0,6,0,0,0,0,0,0,0,0,0,0,6,0,0,1,0,0,0,0,0,0,7,6,1,1,32018R1999,7,3,23
EU_32019R0631_Title_0_Chapter_0_Section_0_Article_08,9,1601,177.88888888888889,1,2,1,0,0,0,1,0,0,0,0,2,0,0,0,0,1,0,0,0,0,0,0,0,0,0,0,0,1,0,1,0,0,0,0,3,0,2,1,32019R0631,0,0,9
EU_32018R1999_Title_0_Chapter_5_Section_3_Article_34,13,1051,80.84615384615384,3,0,1,1,0,0,1,0,0,1,1,0,1,0,0,1,1,0,0,0,0,0,0,1,0,0,0,0,0,0,0,0,0,0,0,4,1,0,2,32018R1999,5,3,10
EU_32019L0944_Title_0_Chapter_3_Section_0_Article_24,9,847,94.11111111111111,2,2,1,0,0,1,0,0,1,0,0,2,0,0,0,1,1,0,0,0,0,0,0,0,0,0,0,0,1,0,0,0,1,0,0,4,0,2,1,32019L0944,3,0,10
EU_32004L0008_Title_0_Chapter_0_Section_0_Article_18,5,71,14.2,1,0,0,0,0,1,0,0,0,0,0,0,0,0,0,1,0,0,0,0,0,0,0,0,0,0,0,0,0,0,0,0,0,0,0,1,0,0,0,32004L0008,0,0,1
EU_32019L0944_Title_0_Chapter_3_Section_0_Article_18,7,1159,165.57142857142858,1,1,1,0,0,1,0,0,0,0,0,1,0,0,0,1,0,0,0,0,0,0,0,0,0,0,0,0,1,0,0,0,0,0,0,2,0,1,1,32019L0944,3,0,6
EU_32019L0944_Title_0_Chapter_7_Section_5_Article_68,5,273,54.6,1,0,0,0,0,0,1,0,0,0,0,0,0,0,0,0,1,0,0,0,0,0,0,0,0,0,0,0,0,0,0,0,0,0,0,1,0,0,0,32019L0944,7,5,1
EU_32006L0032_Title_0_Chapter_4_Section_0_Article_19,7,154,22.0,0,0,0,0,0,0,0,0,0,0,0,0,0,1,0,0,0,0,0,0,0,0,0,0,1,0,0,0,0,0,0,0,0,0,0,1,1,0,0,32006L0032,4,0,3
EU_32014R0256_Title_0_Chapter_0_Section_0_Article_13,8,263,32.875,1,0,0,0,0,1,0,0,0,0,0,0,0,1,0,1,0,0,0,0,0,0,0,0,1,0,0,0,0,0,0,0,0,0,0,2,1,0,0,32014R0256,0,0,4
EU_32014R0256_Title_0_Chapter_0_Section_0_Article_07,10,392,39.2,1,0,0,1,0,0,0,0,1,0,0,0,1,0,0,0,1,0,0,0,0,0,0,1,0,0,0,0,0,0,0,0,0,0,0,2,1,0,1,32014R0256,0,0,6
EU_32009R0079_Title_0_Chapter_0_Section_0_Article_05,5,1080,216.0,0,1,0,0,0,0,0,0,0,0,0,1,0,0,0,0,0,0,0,0,0,0,0,0,0,0,0,0,1,0,0,0,0,0,0,1,0,1,0,32009R0079,0,0,3
EU_32009R0079_Title_0_Chapter_0_Section_0_Article_11,13,1999,153.76923076923077,0,1,0,0,0,0,0,0,0,0,0,1,0,2,0,0,0,0,0,0,0,0,0,0,2,0,0,0,1,0,0,0,0,0,0,3,2,1,0,32009R0079,0,0,9
EU_32018L2001_Title_0_Chapter_0_Section_0_Article_36,11,1092,99.27272727272727,2,1,0,0,0,1,1,0,0,0,0,1,1,0,0,1,1,0,0,0,0,0,0,1,0,0,0,0,1,0,0,0,0,0,0,4,1,1,0,32018L2001,0,0,8
EU_32018L2001_Title_0_Chapter_0_Section_0_Article_22,12,3807,317.25,2,4,1,1,0,1,0,0,0,1,0,4,0,0,0,1,0,0,0,0,0,0,0,0,0,0,0,0,1,1,0,0,0,1,1,6,0,4,2,32018L2001,0,0,18
EU_32018R1999_Title_0_Chapter_4_Section_1_Article_22,7,1118,159.71428571428572,1,0,1,1,0,0,0,0,0,0,1,0,0,0,0,1,0,0,0,0,0,0,0,0,0,0,0,0,0,0,0,0,0,0,0,1,0,0,2,32018R1999,4,1,5
EU_32018R1999_Title_0_Chapter_2_Section_0_Article_10,10,1088,108.8,2,3,0,1,0,1,0,0,0,1,0,3,0,0,0,1,1,0,0,0,0,0,0,0,0,0,1,0,1,1,0,0,0,0,0,5,0,3,1,32018R1999,2,0,13
EU_32006L0066_Title_0_Chapter_0_Section_0_Article_11,7,673,96.14285714285714,1,2,0,0,0,0,1,0,0,0,0,2,0,0,0,1,0,0,0,0,0,0,0,0,0,0,1,0,1,0,0,0,0,0,0,3,0,2,0,32006L0066,0,0,7
EU_32006L0066_Title_0_Chapter_0_Section_0_Article_05,7,503,71.85714285714286,1,1,1,0,0,0,1,0,0,0,0,1,0,0,0,1,0,0,0,0,0,0,0,0,0,0,0,1,0,0,0,0,0,0,0,2,0,1,1,32006L0066,0,0,6
EU_32018R1999_Title_0_Chapter_2_Section_0_Article_04,100,7350,73.5,1,3,1,0,0,1,0,0,0,0,0,3,18,5,0,1,0,0,0,0,0,0,0,18,5,0,0,1,1,1,0,0,0,0,0,27,23,3,1,32018R1999,2,0,81
EU_32006L0066_Title_0_Chapter_0_Section_0_Article_04,13,1066,82.0,4,1,0,1,0,0,1,0,0,3,0,1,0,0,1,1,1,1,1,0,0,0,0,0,0,1,0,0,1,0,0,0,0,0,0,6,1,1,1,32006L0066,0,0,12
EU_32018R1999_Title_0_Chapter_2_Section_0_Article_05,19,1760,92.63157894736842,1,1,1,0,0,1,0,0,0,0,0,1,3,0,0,1,0,0,0,0,0,0,0,3,0,0,0,0,0,1,0,0,0,0,0,5,3,1,1,32018R1999,2,0,15
EU_32018R1999_Title_0_Chapter_2_Section_0_Article_11,9,619,68.77777777777777,1,3,0,1,0,1,0,0,0,0,0,3,0,0,0,1,0,0,0,0,0,0,0,0,0,0,1,0,1,1,0,0,0,0,0,4,0,3,1,32018R1999,2,0,12
EU_32006L0066_Title_0_Chapter_0_Section_0_Article_10,29,1358,46.827586206896555,5,1,1,1,0,1,0,0,2,2,0,1,2,0,3,1,1,1,1,0,0,0,0,2,0,3,0,0,1,0,0,0,0,0,0,11,5,1,2,32006L0066,0,0,27
EU_32018R1999_Title_0_Chapter_4_Section_1_Article_23,17,2930,172.35294117647058,1,2,1,1,0,0,0,0,0,0,1,2,2,0,0,1,0,0,0,0,0,0,0,2,0,0,0,0,1,1,0,0,0,0,0,5,2,2,2,32018R1999,4,1,17
EU_32018L2001_Title_0_Chapter_0_Section_0_Article_23,15,4738,315.8666666666667,3,2,1,1,0,0,1,0,0,1,1,2,0,0,1,1,1,0,0,0,0,0,0,0,0,1,0,0,1,0,0,0,0,0,1,6,1,2,2,32018L2001,0,0,16
EU_32018L2001_Title_0_Chapter_0_Section_0_Article_37,13,633,48.69230769230769,1,0,0,0,0,1,0,0,0,0,0,0,1,1,0,1,0,0,0,0,0,0,0,1,1,0,0,0,0,0,0,0,0,0,0,3,2,0,0,32018L2001,0,0,7
EU_32009R0079_Title_0_Chapter_0_Section_0_Article_10,5,187,37.4,0,1,0,0,0,0,0,0,0,0,0,1,0,0,0,0,0,0,0,0,0,0,0,0,0,0,0,0,1,0,0,0,0,0,0,1,0,1,0,32009R0079,0,0,3
EU_32009R0079_Title_0_Chapter_0_Section_0_Article_04,6,1164,194.0,0,1,0,1,0,0,0,0,0,0,0,1,0,0,0,0,0,0,0,0,0,0,0,0,0,0,0,0,1,0,0,0,0,0,0,1,0,1,1,32009R0079,0,0,5
EU_32014R0256_Title_0_Chapter_0_Section_0_Article_06,8,864,108.0,2,0,1,1,0,0,0,0,0,2,0,0,0,0,0,1,1,0,0,0,0,0,0,0,0,0,0,0,0,0,0,0,0,0,0,2,0,0,2,32014R0256,0,0,6
EU_32014R0256_Title_0_Chapter_0_Section_0_Article_12,8,80,10.0,0,0,0,0,0,0,0,0,0,0,0,0,0,1,0,0,0,0,0,0,0,0,0,0,1,0,0,0,0,0,0,0,0,0,0,1,1,0,0,32014R0256,0,0,3
EU_32006L0032_Title_0_Chapter_4_Section_0_Article_18,17,792,46.588235294117645,2,1,0,1,0,0,0,0,0,1,1,1,2,0,0,1,1,0,0,0,0,0,0,2,0,0,0,0,1,0,0,0,0,0,0,5,2,1,1,32006L0032,4,0,13
EU_32019L0944_Title_0_Chapter_7_Section_5_Article_69,11,779,70.81818181818181,3,0,0,1,0,0,0,0,0,3,0,0,0,0,1,0,1,1,1,0,0,0,0,0,0,1,0,0,0,0,0,0,0,0,0,4,1,0,1,32019L0944,7,5,8
EU_32019L0944_Title_0_Chapter_3_Section_0_Article_19,19,3619,190.47368421052633,3,2,1,1,0,0,0,0,0,2,1,2,1,0,1,1,1,0,0,0,0,0,0,1,0,1,0,0,1,0,0,0,1,0,0,7,2,2,2,32019L0944,3,0,19
EU_32019L0944_Title_0_Chapter_3_Section_0_Article_25,6,362,60.333333333333336,1,1,0,0,0,1,0,0,0,0,0,1,0,0,0,1,0,0,0,0,0,0,0,0,0,0,0,0,1,0,0,0,0,0,0,2,0,1,0,32019L0944,3,0,4
EU_32018R1999_Title_0_Chapter_5_Section_3_Article_35,36,2543,70.63888888888889,5,4,1,1,0,1,1,0,0,2,1,4,0,0,7,1,1,1,1,0,0,0,0,0,0,7,0,0,1,1,1,1,0,0,0,16,7,4,2,32018R1999,5,3,42
EU_32019L0944_Title_0_Chapter_3_Section_0_Article_27,9,1113,123.66666666666667,1,3,1,0,0,1,0,0,0,0,0,3,0,0,0,1,0,0,0,0,0,0,0,0,0,0,0,0,1,0,0,1,0,0,1,4,0,3,1,32019L0944,3,0,12
EU_32019L0944_Title_0_Chapter_7_Section_5_Article_57,18,4263,236.83333333333334,5,1,1,1,0,1,1,0,0,3,0,1,0,0,2,1,1,1,1,0,0,0,0,0,0,2,0,0,1,0,0,0,0,0,0,8,2,1,2,32019L0944,7,5,18
EU_32013R0525_Title_0_Chapter_7_Section_0_Article_28,4,221,55.25,0,0,0,0,0,0,0,0,0,0,0,0,0,0,0,0,0,0,0,0,0,0,0,0,0,0,0,0,0,0,0,0,0,0,0,0,0,0,0,32013R0525,7,0,0
EU_32014R0256_Title_0_Chapter_0_Section_0_Article_04,14,659,47.07142857142857,2,0,0,1,0,0,0,0,0,2,0,0,1,0,1,1,1,0,0,0,0,0,0,1,0,1,0,0,0,0,0,0,0,0,0,4,2,0,1,32014R0256,0,0,10
EU_32014R0256_Title_0_Chapter_0_Section_0_Article_10,13,1717,132.07692307692307,5,2,1,1,0,0,3,0,0,2,0,2,0,0,0,1,1,1,1,0,0,0,0,0,0,0,1,0,0,1,0,0,0,0,0,7,0,2,2,32014R0256,0,0,15
EU_32009R0079_Title_0_Chapter_0_Section_0_Article_12,7,1883,269.0,1,1,0,1,0,0,1,0,0,0,0,1,0,0,0,0,1,0,0,0,0,0,0,0,0,0,0,0,1,0,0,0,0,0,0,2,0,1,1,32009R0079,0,0,6
EU_32009R0079_Title_0_Chapter_0_Section_0_Article_06,6,206,34.333333333333336,0,1,0,1,0,0,0,0,0,0,0,1,0,0,0,0,0,0,0,0,0,0,0,0,0,0,0,0,1,0,0,0,0,0,0,1,0,1,1,32009R0079,0,0,5
EU_32018L2001_Title_0_Chapter_0_Section_0_Article_21,17,5470,321.7647058823529,1,6,1,1,0,1,0,0,0,0,0,6,0,1,0,1,0,0,0,0,0,0,0,0,1,0,0,0,1,1,1,0,1,1,1,8,1,6,2,32018L2001,0,0,26
EU_32018L2001_Title_0_Chapter_0_Section_0_Article_35,16,3247,202.9375,5,0,0,1,0,0,4,0,1,0,0,0,1,1,0,1,1,1,1,0,0,0,0,1,1,0,0,0,0,0,0,0,0,0,0,7,2,0,1,32018L2001,0,0,13
EU_32018R1999_Title_0_Chapter_4_Section_1_Article_21,19,2376,125.05263157894737,1,4,1,1,0,0,0,0,0,0,1,4,2,0,0,1,0,0,0,0,0,0,0,2,0,0,0,0,1,1,1,0,0,0,1,7,2,4,2,32018R1999,4,1,23
EU_32006L0032_Title_0_Chapter_2_Section_0_Article_04,20,2567,128.35,3,2,1,1,0,1,1,0,0,1,0,2,2,0,1,1,1,0,0,0,0,0,0,2,0,1,0,0,0,1,0,0,1,0,0,8,3,2,2,32006L0032,2,0,22
EU_32018L2001_Title_0_Chapter_0_Section_0_Article_09,11,1917,174.27272727272728,2,0,0,1,0,1,1,0,0,0,0,0,1,0,0,1,1,0,0,0,0,0,0,1,0,0,0,0,0,0,0,0,0,0,0,3,1,0,1,32018L2001,0,0,7
EU_32018R1999_Title_0_Chapter_2_Section_0_Article_07,9,739,82.11111111111111,1,2,1,1,0,1,0,0,0,0,0,2,0,0,0,1,0,0,0,0,0,0,0,0,0,0,0,0,0,1,0,0,0,1,0,3,0,2,2,32018R1999,2,0,11
EU_32006L0066_Title_0_Chapter_0_Section_0_Article_06,7,458,65.42857142857143,2,1,0,0,0,1,1,0,0,0,0,1,0,0,0,1,0,0,0,0,0,0,0,0,0,0,0,0,1,0,0,0,0,0,0,3,0,1,0,32006L0066,0,0,5
EU_32006L0066_Title_0_Chapter_0_Section_0_Article_12,28,3209,114.60714285714286,6,2,0,1,0,0,2,0,2,1,1,2,2,0,2,1,1,1,1,0,0,0,0,2,0,2,1,0,1,0,0,0,0,0,0,12,4,2,1,32006L0066,0,0,26
EU_32018R1999_Title_0_Chapter_2_Section_0_Article_13,14,652,46.57142857142857,3,1,1,1,0,1,1,0,0,1,0,1,1,0,0,1,1,0,0,0,0,0,0,1,0,0,0,0,0,1,0,0,0,0,0,5,1,1,2,32018R1999,2,0,13
EU_32006L0066_Title_0_Chapter_0_Section_0_Article_13,9,598,66.44444444444444,3,2,0,0,0,0,1,0,2,0,0,2,0,0,0,1,0,1,1,0,0,0,0,0,0,0,0,1,0,0,0,1,0,0,0,5,0,2,0,32006L0066,0,0,9
EU_32018R1999_Title_0_Chapter_2_Section_0_Article_12,12,3620,301.6666666666667,2,1,1,1,0,1,1,0,0,0,0,1,1,0,0,1,1,0,0,0,0,0,0,1,0,0,0,0,0,1,0,0,0,0,0,4,1,1,2,32018R1999,2,0,12
EU_32018R1999_Title_0_Chapter_2_Section_0_Article_06,19,1509,79.42105263157895,1,1,1,0,0,1,0,0,0,0,0,1,3,0,0,1,0,0,0,0,0,0,0,3,0,0,0,0,0,1,0,0,0,0,0,5,3,1,1,32018R1999,2,0,15
EU_32006L0066_Title_0_Chapter_0_Section_0_Article_07,6,376,62.666666666666664,1,0,1,0,0,0,1,0,0,0,0,0,0,0,0,1,0,0,0,0,0,0,0,0,0,0,0,0,0,0,0,0,0,0,0,1,0,0,1,32006L0066,0,0,3
EU_32018R1999_Title_0_Chapter_4_Section_1_Article_20,13,3557,273.61538461538464,1,1,1,1,0,0,0,0,0,0,1,1,1,0,0,1,0,0,0,0,0,0,0,1,0,0,0,0,0,1,0,0,0,0,0,3,1,1,2,32018R1999,4,1,11
EU_32018L2001_Title_0_Chapter_0_Section_0_Article_08,22,2918,132.63636363636363,3,2,1,1,0,0,1,0,0,1,1,2,0,1,2,1,1,0,0,0,0,0,0,0,1,2,1,0,1,0,0,0,0,0,0,8,3,2,2,32018L2001,0,0,22
EU_32006L0032_Title_0_Chapter_2_Section_0_Article_05,10,1814,181.4,2,4,0,0,0,1,1,0,0,0,0,4,0,0,0,1,1,0,0,0,0,0,0,0,0,0,1,0,1,0,0,1,0,1,0,6,0,4,0,32006L0032,2,0,14
EU_32018L2001_Title_0_Chapter_0_Section_0_Article_34,5,764,152.8,1,0,0,0,0,0,1,0,0,0,0,0,0,0,0,0,1,0,0,0,0,0,0,0,0,0,0,0,0,0,0,0,0,0,0,1,0,0,0,32018L2001,0,0,1
EU_32018L2001_Title_0_Chapter_0_Section_0_Article_20,8,1388,173.5,1,2,1,0,0,1,0,0,0,0,0,2,0,0,0,1,0,0,0,0,0,0,0,0,0,0,0,0,1,1,0,0,0,0,0,3,0,2,1,32018L2001,0,0,9
EU_32009R0079_Title_0_Chapter_0_Section_0_Article_07,5,658,131.6,0,1,0,0,0,0,0,0,0,0,0,1,0,0,0,0,0,0,0,0,0,0,0,0,0,0,0,0,1,0,0,0,0,0,0,1,0,1,0,32009R0079,0,0,3
EU_32009R0079_Title_0_Chapter_0_Section_0_Article_13,5,347,69.4,1,0,0,0,0,0,1,0,0,0,0,0,0,0,0,0,1,0,0,0,0,0,0,0,0,0,0,0,0,0,0,0,0,0,0,1,0,0,0,32009R0079,0,0,1
EU_32014R0256_Title_0_Chapter_0_Section_0_Article_11,11,768,69.81818181818181,3,0,0,1,0,0,0,0,0,3,0,0,0,0,1,0,1,1,1,0,0,0,0,0,0,1,0,0,0,0,0,0,0,0,0,4,1,0,1,32014R0256,0,0,8
EU_32014R0256_Title_0_Chapter_0_Section_0_Article_05,9,1488,165.33333333333334,1,0,0,1,0,0,0,0,0,1,0,0,0,0,1,1,0,0,0,0,0,0,0,0,0,1,0,0,0,0,0,0,0,0,0,2,1,0,1,32014R0256,0,0,6
EU_32013R0525_Title_0_Chapter_7_Section_0_Article_29,8,263,32.875,1,0,0,0,0,1,0,0,0,0,0,0,0,1,0,1,0,0,0,0,0,0,0,0,1,0,0,0,0,0,0,0,0,0,0,2,1,0,0,32013R0525,7,0,4
EU_32019L0944_Title_0_Chapter_3_Section_0_Article_26,9,1371,152.33333333333334,4,1,0,0,0,1,1,0,2,0,0,1,0,0,0,1,1,1,1,0,0,0,0,0,0,0,0,0,1,0,0,0,0,0,0,5,0,1,0,32019L0944,3,0,7
EU_32018R1999_Title_0_Chapter_5_Section_3_Article_36,12,437,36.416666666666664,3,1,0,1,0,1,0,0,0,2,0,1,0,0,1,0,1,1,1,0,0,0,0,0,0,1,0,0,0,1,0,0,0,0,0,5,1,1,1,32018R1999,5,3,11
EU_32018R1999_Title_0_Chapter_5_Section_3_Article_32,77,7194,93.42857142857143,6,2,1,1,1,0,1,0,2,1,2,2,9,1,8,1,1,1,1,0,1,0,0,9,1,8,0,0,0,1,0,1,0,0,0,26,18,2,3,32018R1999,5,3,72
EU_32019L0944_Title_0_Chapter_3_Section_0_Article_22,5,434,86.8,1,0,0,0,0,1,0,0,0,0,0,0,0,0,0,1,0,0,0,0,0,0,0,0,0,0,0,0,0,0,0,0,0,0,0,1,0,0,0,32019L0944,3,0,1
EU_32019L0944_Title_0_Chapter_6_Section_1_Article_43,8,5005,625.625,2,1,0,1,0,1,0,0,0,1,0,1,0,0,0,1,1,0,0,0,0,0,0,0,0,0,0,0,1,0,0,0,0,0,0,3,0,1,1,32019L0944,6,1,7
EU_32014R0256_Title_0_Chapter_0_Section_0_Article_01,8,1072,134.0,2,1,0,1,0,0,0,0,0,2,0,1,0,0,0,1,1,0,0,0,0,0,0,0,0,0,0,0,1,0,0,0,0,0,0,3,0,1,1,32014R0256,0,0,7
EU_32019L0944_Title_0_Chapter_1_Section_0_Article_01,8,1274,159.25,1,2,1,0,0,1,0,0,0,0,0,2,0,0,0,1,0,0,0,0,0,0,0,0,0,0,0,0,1,0,0,0,1,0,0,3,0,2,1,32019L0944,1,0,9
EU_32009R0079_Title_0_Chapter_0_Section_0_Article_03,4,1555,388.75,0,0,0,0,0,0,0,0,0,0,0,0,0,0,0,0,0,0,0,0,0,0,0,0,0,0,0,0,0,0,0,0,0,0,0,0,0,0,0,32009R0079,0,0,0
EU_32018L2001_Title_0_Chapter_0_Section_0_Article_18,7,2472,353.14285714285717,1,2,0,0,0,1,0,0,0,0,0,2,0,0,0,1,0,0,0,0,0,0,0,0,0,0,1,0,1,0,0,0,0,0,0,3,0,2,0,32018L2001,0,0,7
EU_32018R1999_Title_0_Chapter_4_Section_1_Article_24,9,644,71.55555555555556,2,0,1,1,0,0,1,0,0,0,1,0,0,0,0,1,1,0,0,0,0,0,0,0,0,0,0,0,0,0,0,0,0,0,0,2,0,0,2,32018R1999,4,1,6
EU_32018L2001_Title_0_Chapter_0_Section_0_Article_24,22,7076,321.6363636363636,1,2,1,1,0,1,0,0,0,0,0,2,3,0,1,1,0,0,0,0,0,0,0,3,0,1,1,0,0,1,0,0,0,0,0,7,4,2,2,32018L2001,0,0,23
EU_32018L2001_Title_0_Chapter_0_Section_0_Article_30,28,14203,507.25,6,2,1,1,1,0,2,0,1,2,1,2,1,0,3,1,1,0,0,0,0,0,0,1,0,3,0,0,1,0,0,1,0,0,0,12,4,2,3,32018L2001,0,0,30
EU_32018R1999_Title_0_Chapter_4_Section_1_Article_18,25,1898,75.92,2,0,1,1,1,0,0,0,0,1,1,0,2,0,3,1,1,0,0,0,0,0,0,2,0,3,0,0,0,0,0,0,0,0,0,7,5,0,3,32018R1999,4,1,23
EU_32006L0066_Title_0_Chapter_0_Section_0_Article_03,7,3796,542.2857142857143,3,0,0,0,0,1,0,0,2,0,0,0,0,0,0,1,0,1,1,0,0,0,0,0,0,0,0,0,0,0,0,0,0,0,0,3,0,0,0,32006L0066,0,0,3
EU_32006L0066_Title_0_Chapter_0_Section_0_Article_17,6,291,48.5,1,1,0,0,0,0,1,0,0,0,0,1,0,0,0,1,0,0,0,0,0,0,0,0,0,0,0,0,1,0,0,0,0,0,0,2,0,1,0,32006L0066,0,0,4
EU_32013R0174_Title_0_Chapter_0_Section_0_Article_02,8,245,30.625,1,0,0,0,0,1,0,0,0,0,0,0,0,1,0,1,0,0,0,0,0,0,0,0,1,0,0,0,0,0,0,0,0,0,0,2,1,0,0,32013R0174,0,0,4
EU_32012L0027_Title_0_Chapter_1_Section_0_Article_03,17,2953,173.7058823529412,2,1,1,1,0,0,0,0,0,1,1,1,1,0,1,1,1,0,0,0,0,0,0,1,0,1,0,0,0,1,0,0,0,0,0,5,2,1,2,32012L0027,1,0,15
EU_32012L0027_Title_0_Chapter_1_Section_0_Article_02,19,9650,507.89473684210526,3,7,1,1,0,1,0,0,2,0,0,7,0,0,1,1,0,1,1,0,0,0,0,0,0,1,1,0,1,1,1,1,0,1,1,11,1,7,2,32012L0027,1,0,31
EU_32006L0066_Title_0_Chapter_0_Section_0_Article_16,7,1424,203.42857142857142,1,2,0,0,0,0,1,0,0,0,0,2,0,0,0,1,0,0,0,0,0,0,0,0,0,0,1,0,0,0,0,1,0,0,0,3,0,2,0,32006L0066,0,0,7
EU_32006L0066_Title_0_Chapter_0_Section_0_Article_02,5,573,114.6,1,0,0,0,0,1,0,0,0,0,0,0,0,0,0,1,0,0,0,0,0,0,0,0,0,0,0,0,0,0,0,0,0,0,0,1,0,0,0,32006L0066,0,0,1
EU_32018R1999_Title_0_Chapter_2_Section_0_Article_03,23,4583,199.2608695652174,3,2,1,1,0,0,1,0,1,0,1,2,3,0,0,1,1,0,0,0,0,0,0,3,0,0,0,0,1,1,0,0,0,0,0,8,3,2,2,32018R1999,2,0,22
EU_32018L2001_Title_0_Chapter_0_Section_0_Article_31,12,4640,386.6666666666667,6,0,1,1,0,0,1,0,3,1,1,0,0,0,0,1,1,1,1,0,0,0,0,0,0,0,0,0,0,0,0,0,0,0,0,6,0,0,2,32018L2001,0,0,10
EU_32018R1999_Title_0_Chapter_4_Section_1_Article_19,22,1832,83.27272727272727,3,1,1,1,0,0,1,0,0,1,1,1,0,0,4,1,1,0,0,0,0,0,0,0,0,4,0,0,0,1,0,0,0,0,0,8,4,1,2,32018R1999,4,1,22
EU_32018L2001_Title_0_Chapter_0_Section_0_Article_25,37,3027,81.8108108108108,3,2,1,1,0,1,0,0,1,1,0,2,6,0,1,1,1,0,0,0,0,0,0,6,0,1,0,0,1,1,0,0,0,0,0,12,7,2,2,32018L2001,0,0,34
EU_32018R1999_Title_0_Chapter_4_Section_1_Article_25,14,1440,102.85714285714286,1,3,1,1,0,1,0,0,0,0,0,3,1,0,0,1,0,0,0,0,0,0,0,1,0,0,0,1,0,1,1,0,0,0,0,5,1,3,2,32018R1999,4,1,17
EU_32018L2001_Title_0_Chapter_0_Section_0_Article_19,19,7740,407.36842105263156,5,4,0,1,1,0,3,0,0,1,1,4,1,0,0,1,1,0,0,0,1,0,0,1,0,0,1,0,1,0,0,0,1,1,0,10,1,4,2,32018L2001,0,0,24
EU_32009R0079_Title_0_Chapter_0_Section_0_Article_02,4,447,111.75,0,0,0,0,0,0,0,0,0,0,0,0,0,0,0,0,0,0,0,0,0,0,0,0,0,0,0,0,0,0,0,0,0,0,0,0,0,0,0,32009R0079,0,0,0
EU_32009R0079_Title_0_Chapter_0_Section_0_Article_16,21,480,22.857142857142858,1,0,0,0,0,1,0,0,0,0,0,0,0,5,0,1,0,0,0,0,0,0,0,0,5,0,0,0,0,0,0,0,0,0,0,6,5,0,0,32009R0079,0,0,16
EU_32013R0525_Title_0_Chapter_3_Section_0_Article_05,11,2283,207.54545454545453,3,2,1,1,0,1,1,0,1,0,0,2,0,0,0,1,1,0,0,0,1,0,0,0,0,0,0,0,1,0,0,0,1,0,0,5,0,2,2,32013R0525,3,0,13
EU_32019L0944_Title_0_Chapter_3_Section_0_Article_23,10,2749,274.9,3,1,1,1,0,1,1,0,1,0,0,1,0,0,0,1,0,0,0,0,0,0,0,0,0,0,0,0,1,0,0,0,0,0,0,4,0,1,2,32019L0944,3,0,10
EU_32018R1999_Title_0_Chapter_5_Section_3_Article_33,16,3223,201.4375,2,3,1,0,1,1,1,0,0,0,0,3,1,0,0,1,1,0,0,0,0,0,0,1,0,0,0,0,0,1,1,0,0,1,0,6,1,3,2,32018R1999,5,3,18
EU_32004L0008_Title_0_Chapter_0_Section_0_Article_09,8,1536,192.0,1,1,1,1,0,1,0,0,0,0,0,1,0,0,0,1,0,0,0,0,0,0,0,0,0,0,0,0,1,0,0,0,0,0,0,2,0,1,2,32004L0008,0,0,8
EU_32018R1999_Title_0_Chapter_5_Section_3_Article_31,11,4342,394.72727272727275,2,1,1,1,1,0,0,0,0,1,1,1,0,0,0,1,1,0,0,0,0,0,0,0,0,0,0,0,0,1,0,0,0,0,0,3,0,1,3,32018R1999,5,3,11
EU_32019L0944_Title_0_Chapter_3_Section_0_Article_21,13,1828,140.6153846153846,1,1,0,1,0,1,0,0,0,0,0,1,2,0,0,1,0,0,0,0,0,0,0,2,0,0,0,0,1,0,0,0,0,0,0,4,2,1,1,32019L0944,3,0,12
EU_32012L0027_Title_0_Chapter_5_Section_0_Article_29,7,167,23.857142857142858,0,0,0,0,0,0,0,0,0,0,0,0,0,1,0,0,0,0,0,0,0,0,0,0,1,0,0,0,0,0,0,0,0,0,0,1,1,0,0,32012L0027,5,0,3
EU_32019L0944_Title_0_Chapter_1_Section_0_Article_02,11,13055,1186.8181818181818,3,4,0,0,0,1,0,0,2,0,0,4,0,0,0,1,0,1,1,0,0,0,0,0,0,0,0,0,1,1,1,0,1,0,0,7,0,4,0,32019L0944,1,0,15
EU_32014R0256_Title_0_Chapter_0_Section_0_Article_02,10,3371,337.1,4,2,0,0,0,2,0,0,2,0,0,2,0,0,0,1,0,1,1,0,1,0,0,0,0,0,0,0,1,1,0,0,0,0,0,6,0,2,0,32014R0256,0,0,10
EU_32006L0032_Title_0_Chapter_4_Section_0_Article_20,5,71,14.2,1,0,0,0,0,1,0,0,0,0,0,0,0,0,0,1,0,0,0,0,0,0,0,0,0,0,0,0,0,0,0,0,0,0,0,1,0,0,0,32006L0032,4,0,1
EU_32013R0525_Title_0_Chapter_3_Section_0_Article_07,28,8204,293.0,4,2,1,1,0,1,0,0,1,1,1,2,0,0,5,1,1,0,0,0,0,0,0,0,0,5,0,0,1,0,0,0,1,0,0,11,5,2,2,32013R0525,3,0,29
EU_32009R0079_Title_0_Chapter_0_Section_0_Article_14,4,157,39.25,0,0,0,0,0,0,0,0,0,0,0,0,0,0,0,0,0,0,0,0,0,0,0,0,0,0,0,0,0,0,0,0,0,0,0,0,0,0,0,32009R0079,0,0,0
EU_32018L2001_Title_0_Chapter_0_Section_0_Article_33,20,1783,89.15,5,2,1,1,0,1,1,0,1,1,1,2,1,0,1,1,1,0,0,0,1,0,0,1,0,1,0,0,1,1,0,0,0,0,0,9,2,2,2,32018L2001,0,0,21
EU_32018L2001_Title_0_Chapter_0_Section_0_Article_27,13,5644,434.15384615384613,2,2,1,0,0,1,1,0,0,0,0,2,1,0,0,1,1,0,0,0,0,0,0,1,0,0,0,0,1,1,0,0,0,0,0,5,1,2,1,32018L2001,0,0,13
EU_32006L0066_Title_0_Chapter_0_Section_0_Article_14,5,342,68.4,1,0,0,0,0,0,1,0,0,0,0,0,0,0,0,1,0,0,0,0,0,0,0,0,0,0,0,0,0,0,0,0,0,0,0,1,0,0,0,32006L0066,0,0,1
EU_32014L0094_Title_0_Chapter_0_Section_0_Article_09,5,737,147.4,1,0,0,0,0,1,0,0,0,0,0,0,0,0,0,0,1,0,0,0,0,0,0,0,0,0,0,0,0,0,0,0,0,0,0,1,0,0,0,32014L0094,0,0,1
EU_32006L0066_Title_0_Chapter_0_Section_0_Article_28,4,173,43.25,0,0,0,0,0,0,0,0,0,0,0,0,0,0,0,0,0,0,0,0,0,0,0,0,0,0,0,0,0,0,0,0,0,0,0,0,0,0,0,32006L0066,0,0,0
EU_32013R0174_Title_0_Chapter_0_Section_0_Article_01,26,8887,341.8076923076923,12,3,1,1,1,1,3,0,3,4,1,3,0,0,1,1,1,1,1,0,1,0,0,0,0,1,1,0,1,0,0,0,0,1,0,16,1,3,3,32013R0174,0,0,30
EU_32006L0066_Title_0_Chapter_0_Section_0_Article_29,10,142,14.2,0,0,0,0,0,0,0,0,0,0,0,0,0,2,0,0,0,0,0,0,0,0,0,0,2,0,0,0,0,0,0,0,0,0,0,2,2,0,0,32006L0066,0,0,6
EU_32012L0027_Title_0_Chapter_1_Section_0_Article_01,15,930,62.0,3,2,1,1,0,0,1,0,0,1,1,2,1,0,0,1,1,0,0,0,0,0,0,1,0,0,0,0,1,1,0,0,0,0,0,6,1,2,2,32012L0027,1,0,16
EU_32006L0066_Title_0_Chapter_0_Section_0_Article_01,6,865,144.16666666666666,0,1,1,0,0,0,0,0,0,0,0,1,0,0,0,0,0,0,0,0,0,0,0,0,0,0,0,0,1,0,0,0,0,0,0,1,0,1,1,32006L0066,0,0,5
EU_32006L0066_Title_0_Chapter_0_Section_0_Article_15,6,1318,219.66666666666666,1,1,0,0,0,1,0,0,0,0,0,1,0,0,0,1,0,0,0,0,0,0,0,0,0,0,0,0,1,0,0,0,0,0,0,2,0,1,0,32006L0066,0,0,4
EU_32018R1999_Title_0_Chapter_2_Section_0_Article_14,28,2451,87.53571428571429,2,1,1,1,0,0,0,0,0,1,1,1,0,0,6,1,1,0,0,0,0,0,0,0,0,6,0,0,0,1,0,0,0,0,0,9,6,1,2,32018R1999,2,0,27
EU_32014L0094_Title_0_Chapter_0_Section_0_Article_08,16,1800,112.5,3,0,0,0,0,0,1,0,2,0,0,0,1,2,0,0,1,1,1,0,0,0,0,1,2,0,0,0,0,0,0,0,0,0,0,6,3,0,0,32014L0094,0,0,12
EU_32018L2001_Title_0_Chapter_0_Section_0_Article_26,31,3803,122.6774193548387,6,1,1,1,0,1,1,0,1,3,0,1,2,1,2,1,1,1,1,0,0,0,0,2,1,2,0,0,1,0,0,0,0,0,0,12,5,1,2,32018L2001,0,0,28
EU_32018L2001_Title_0_Chapter_0_Section_0_Article_32,6,517,86.16666666666667,2,0,0,0,0,0,0,0,2,0,0,0,0,0,0,0,0,1,1,0,0,0,0,0,0,0,0,0,0,0,0,0,0,0,0,2,0,0,0,32018L2001,0,0,2
EU_32009R0079_Title_0_Chapter_0_Section_0_Article_15,13,969,74.53846153846153,2,1,0,1,1,0,0,0,0,1,1,1,0,0,1,1,1,0,0,0,0,0,0,0,0,1,0,0,1,0,0,0,0,0,0,4,1,1,2,32009R0079,0,0,12
EU_32013R0525_Title_0_Chapter_3_Section_0_Article_06,11,1311,119.18181818181819,3,1,1,1,0,1,0,0,1,0,1,1,0,0,0,1,1,0,0,0,0,0,0,0,0,0,0,0,1,0,0,0,0,0,0,4,0,1,2,32013R0525,3,0,10
EU_32009R0079_Title_0_Chapter_0_Section_0_Article_01,5,310,62.0,0,1,0,0,0,0,0,0,0,0,0,1,0,0,0,0,0,0,0,0,0,0,0,0,0,0,0,0,1,0,0,0,0,0,0,1,0,1,0,32009R0079,0,0,3
EU_32014R0256_Title_0_Chapter_0_Section_0_Article_03,24,1627,67.79166666666667,2,2,0,1,0,0,0,0,0,1,1,2,0,0,5,1,1,0,0,0,0,0,0,0,0,5,0,0,1,1,0,0,0,0,0,9,5,2,1,32014R0256,0,0,25
EU_32012L0027_Title_0_Chapter_5_Section_0_Article_28,14,1047,74.78571428571429,3,1,0,1,0,0,1,0,0,1,1,1,1,0,0,1,1,0,0,0,0,0,0,1,0,0,0,0,1,0,0,0,0,0,0,5,1,1,1,32012L0027,5,0,11
EU_32004L0008_Title_0_Chapter_0_Section_0_Article_08,7,900,128.57142857142858,2,1,0,0,0,1,1,0,0,0,0,1,0,0,0,1,1,0,0,0,0,0,0,0,0,0,0,0,0,0,0,0,0,0,1,3,0,1,0,32004L0008,0,0,5
EU_32019L0944_Title_0_Chapter_3_Section_0_Article_20,10,2919,291.9,1,3,1,1,0,1,0,0,0,0,0,3,0,0,0,1,0,0,0,0,0,0,0,0,0,0,1,0,1,0,0,0,1,0,0,4,0,3,2,32019L0944,3,0,14
EU_32018R1999_Title_0_Chapter_5_Section_3_Article_30,9,752,83.55555555555556,2,1,1,1,0,1,1,0,0,0,0,1,0,0,0,1,1,0,0,0,0,0,0,0,0,0,0,0,0,1,0,0,0,0,0,3,0,1,2,32018R1999,5,3,9
EU_32019L0944_Title_0_Chapter_3_Section_0_Article_11,12,1430,119.16666666666667,2,2,0,1,0,1,0,0,0,1,0,2,0,0,1,1,0,0,0,0,0,0,0,0,0,1,1,0,1,0,0,0,0,0,0,5,1,2,1,32019L0944,3,0,13
EU_32018R1999_Title_0_Chapter_5_Section_3_Article_29,75,4909,65.45333333333333,3,2,1,1,0,0,0,0,0,1,2,2,13,0,4,1,1,0,0,0,1,0,0,13,0,4,0,0,0,1,0,0,1,0,0,22,17,2,2,32018R1999,5,3,64
EU_32004L0008_Title_0_Chapter_0_Section_0_Article_11,27,2479,91.81481481481481,9,2,1,1,0,0,3,0,2,3,1,2,0,1,2,1,1,1,1,0,0,0,0,0,1,2,0,0,1,0,0,0,1,0,0,14,3,2,2,32004L0008,0,0,28
EU_32004L0008_Title_0_Chapter_0_Section_0_Article_05,13,2561,197.0,3,1,0,1,1,1,2,0,0,0,0,1,1,0,0,1,1,0,0,0,0,0,0,1,0,0,1,0,0,0,0,0,0,0,0,5,1,1,2,32004L0008,0,0,13
EU_32012L0027_Title_0_Chapter_5_Section_0_Article_25,7,322,46.0,1,1,1,0,0,0,1,0,0,0,0,1,0,0,0,0,1,0,0,0,0,0,0,0,0,0,1,0,0,0,0,0,0,0,0,2,0,1,1,32012L0027,5,0,6
EU_32019L0944_Title_0_Chapter_7_Section_5_Article_61,9,2091,232.33333333333334,2,1,1,1,0,0,2,0,0,0,0,1,0,0,0,0,1,0,0,0,0,1,0,0,0,0,0,0,1,0,0,0,0,0,0,3,0,1,2,32019L0944,7,5,9
EU_32013R0525_Title_0_Chapter_7_Section_0_Article_22,7,341,48.714285714285715,2,0,0,1,0,0,0,0,0,0,2,0,0,0,0,1,0,0,0,0,1,0,0,0,0,0,0,0,0,0,0,0,0,0,0,2,0,0,1,32013R0525,7,0,4
EU_32009R0397_Title_0_Chapter_0_Section_0_Article_01,11,1870,170.0,2,1,0,0,0,1,1,0,0,0,0,1,0,1,0,1,0,0,0,0,1,0,0,0,1,0,0,0,0,0,0,0,0,1,0,4,1,1,0,32009R0397,0,0,8
EU_32018L2001_Title_0_Chapter_0_Section_0_Article_17,7,1238,176.85714285714286,1,0,1,1,0,1,0,0,0,0,0,0,0,0,0,1,0,0,0,0,0,0,0,0,0,0,0,0,0,0,0,0,0,0,0,1,0,0,2,32018L2001,0,0,5
EU_32018L2001_Title_0_Chapter_0_Section_0_Article_03,33,3910,118.48484848484848,5,2,1,1,0,2,2,0,0,1,0,2,5,0,0,1,1,0,0,0,1,0,0,5,0,0,0,0,0,1,0,1,0,0,0,12,5,2,2,32018L2001,0,0,30
EU_32018R1999_Title_0_Chapter_4_Section_1_Article_17,24,3164,131.83333333333334,4,1,1,1,0,0,1,0,0,1,2,1,0,0,4,1,1,0,0,0,1,0,0,0,0,4,0,0,0,1,0,0,0,0,0,9,4,1,2,32018R1999,4,1,23
EU_32014L0094_Title_0_Chapter_0_Section_0_Article_11,13,648,49.84615384615385,2,1,0,1,0,0,0,0,0,1,1,1,1,0,0,1,1,0,0,0,0,0,0,1,0,0,0,0,1,0,0,0,0,0,0,4,1,1,1,32014L0094,0,0,10
EU_32006L0066_Title_0_Chapter_0_Section_0_Article_18,13,1049,80.6923076923077,4,1,0,1,0,1,2,0,0,1,0,1,1,0,0,1,1,0,0,0,0,0,0,1,0,0,0,0,1,0,0,0,0,0,0,6,1,1,1,32006L0066,0,0,12
EU_32014L0094_Title_0_Chapter_0_Section_0_Article_05,15,1405,93.66666666666667,2,2,0,0,0,1,1,0,0,0,0,2,1,1,0,1,1,0,0,0,0,0,0,1,1,0,0,0,1,1,0,0,0,0,0,6,2,2,0,32014L0094,0,0,14
EU_32006L0066_Title_0_Chapter_0_Section_0_Article_30,5,71,14.2,1,0,0,0,0,1,0,0,0,0,0,0,0,0,0,1,0,0,0,0,0,0,0,0,0,0,0,0,0,0,0,0,0,0,0,1,0,0,0,32006L0066,0,0,1
EU_32006L0066_Title_0_Chapter_0_Section_0_Article_24,6,434,72.33333333333333,1,1,0,0,0,0,1,0,0,0,0,1,0,0,0,0,1,0,0,0,0,0,0,0,0,0,0,0,1,0,0,0,0,0,0,2,0,1,0,32006L0066,0,0,4
EU_32006L0066_Title_0_Chapter_0_Section_0_Article_25,17,457,26.88235294117647,3,1,0,1,1,0,1,0,0,1,1,1,1,0,1,1,1,0,0,0,0,0,0,1,0,1,0,0,1,0,0,0,0,0,0,6,2,1,2,32006L0066,0,0,16
EU_32006L0066_Title_0_Chapter_0_Section_0_Article_19,5,434,86.8,1,0,0,0,0,1,0,0,0,0,0,0,0,0,0,1,0,0,0,0,0,0,0,0,0,0,0,0,0,0,0,0,0,0,0,1,0,0,0,32006L0066,0,0,1
EU_32014L0094_Title_0_Chapter_0_Section_0_Article_04,22,5996,272.54545454545456,2,3,1,0,0,1,1,0,0,0,0,3,3,0,0,1,1,0,0,0,0,0,0,3,0,0,1,0,1,1,0,0,0,0,0,8,3,3,1,32014L0094,0,0,22
EU_32014L0094_Title_0_Chapter_0_Section_0_Article_10,43,2867,66.67441860465117,6,3,1,1,0,0,1,0,0,3,2,3,2,1,5,1,1,1,1,0,0,0,0,2,1,5,1,0,1,1,0,0,0,0,0,17,8,3,2,32014L0094,0,0,43
EU_32013R0525_Title_0_Chapter_1_Section_0_Article_01,8,1307,163.375,2,0,1,1,0,0,0,0,0,0,2,0,0,0,0,1,0,0,0,0,1,0,0,0,0,0,0,0,0,0,0,0,0,0,0,2,0,0,2,32013R0525,1,0,6
EU_32018L2001_Title_0_Chapter_0_Section_0_Article_02,15,12745,849.6666666666666,4,6,1,0,0,1,1,0,2,0,0,6,0,0,0,1,0,1,1,0,0,0,0,0,0,0,1,0,1,0,1,1,1,0,1,10,0,6,1,32018L2001,0,0,24
EU_32018L2001_Title_0_Chapter_0_Section_0_Article_16,33,4256,128.96969696969697,1,2,1,1,0,1,0,0,0,0,0,2,7,0,0,1,0,0,0,0,0,0,0,7,0,0,1,0,1,0,0,0,0,0,0,10,7,2,2,32018L2001,0,0,32
EU_32013R0525_Title_0_Chapter_7_Section_0_Article_23,10,1426,142.6,2,1,0,1,1,1,0,0,0,0,1,1,0,0,0,1,0,0,0,0,1,0,0,0,0,0,0,0,1,0,0,0,0,0,0,3,0,1,2,32013R0525,7,0,9
EU_32019L0944_Title_0_Chapter_7_Section_5_Article_60,13,3159,243.0,2,2,1,0,1,1,1,0,0,0,0,2,1,0,0,1,0,0,0,0,0,0,0,1,0,0,0,0,1,0,0,0,0,0,1,5,1,2,2,32019L0944,7,5,15
EU_32019L0944_Title_0_Chapter_7_Section_5_Article_74,5,71,14.2,1,0,0,0,0,1,0,0,0,0,0,0,0,0,0,1,0,0,0,0,0,0,0,0,0,0,0,0,0,0,0,0,0,0,0,1,0,0,0,32019L0944,7,5,1
EU_32012L0027_Title_0_Chapter_5_Section_0_Article_30,5,71,14.2,1,0,0,0,0,1,0,0,0,0,0,0,0,0,0,1,0,0,0,0,0,0,0,0,0,0,0,0,0,0,0,0,0,0,0,1,0,0,0,32012L0027,5,0,1
EU_32012L0027_Title_0_Chapter_5_Section_0_Article_24,44,4901,111.38636363636364,6,2,1,1,0,1,1,0,0,3,1,2,2,0,7,1,1,1,1,0,1,0,0,2,0,7,0,0,1,1,0,0,0,0,0,17,9,2,2,32012L0027,5,0,43
EU_32004L0008_Title_0_Chapter_0_Section_0_Article_04,19,1864,98.10526315789474,3,0,1,1,0,1,1,0,0,1,0,0,1,0,2,1,1,0,0,0,0,0,0,1,0,2,0,0,0,0,0,0,0,0,0,6,3,0,2,32004L0008,0,0,16
EU_32004L0008_Title_0_Chapter_0_Section_0_Article_10,26,1032,39.69230769230769,3,0,0,1,0,0,1,0,0,1,1,0,1,0,5,1,1,0,0,0,0,0,0,1,0,5,0,0,0,0,0,0,0,0,0,9,6,0,1,32004L0008,0,0,23
EU_32019L0944_Title_0_Chapter_3_Section_0_Article_10,16,5461,341.3125,3,2,1,0,0,1,0,0,2,0,0,2,2,0,0,1,0,1,1,0,0,0,0,2,0,0,0,0,1,0,0,0,0,0,1,7,2,2,1,32019L0944,3,0,17
EU_32013R0525_Title_0_Chapter_5_Section_0_Article_14,22,2354,107.0,2,0,0,1,0,0,0,0,0,1,1,0,0,0,5,1,1,0,0,0,0,0,0,0,0,5,0,0,0,0,0,0,0,0,0,7,5,0,1,32013R0525,5,0,19
EU_32019L0944_Title_0_Chapter_3_Section_0_Article_12,15,2284,152.26666666666668,1,2,1,0,0,1,0,0,0,0,0,2,2,0,0,1,0,0,0,0,0,0,0,2,0,0,0,0,1,1,0,0,0,0,0,5,2,2,1,32019L0944,3,0,15
EU_32004L0008_Title_0_Chapter_0_Section_0_Article_06,19,1270,66.84210526315789,2,0,1,1,0,0,1,0,0,0,1,0,1,0,2,1,1,0,0,0,0,0,0,1,0,2,0,0,0,0,0,0,0,0,0,5,3,0,2,32004L0008,0,0,15
EU_32004L0008_Title_0_Chapter_0_Section_0_Article_12,10,2050,205.0,2,1,0,0,0,1,1,0,0,0,0,1,1,0,0,1,1,0,0,0,0,0,0,1,0,0,1,0,0,0,0,0,0,0,0,4,1,1,0,32004L0008,0,0,8
EU_32012L0027_Title_0_Chapter_5_Section_0_Article_26,5,273,54.6,1,0,0,0,0,0,1,0,0,0,0,0,0,0,0,0,1,0,0,0,0,0,0,0,0,0,0,0,0,0,0,0,0,0,0,1,0,0,0,32012L0027,5,0,1
EU_32019L0944_Title_0_Chapter_7_Section_5_Article_62,15,2934,195.6,4,2,0,1,1,1,1,0,1,1,0,2,0,0,1,1,0,0,0,0,0,1,0,0,0,1,0,0,1,0,0,0,0,0,1,7,1,2,2,32019L0944,7,5,17
EU_32013R0525_Title_0_Chapter_7_Section_0_Article_21,20,1396,69.8,5,0,0,1,0,0,0,0,0,3,2,0,0,0,3,1,1,1,1,0,1,0,0,0,0,3,0,0,0,0,0,0,0,0,0,8,3,0,1,32013R0525,7,0,16
EU_32009R0397_Title_0_Chapter_0_Section_0_Article_02,12,298,24.833333333333332,1,0,0,0,0,1,0,0,0,0,0,0,0,2,0,1,0,0,0,0,0,0,0,0,2,0,0,0,0,0,0,0,0,0,0,3,2,0,0,32009R0397,0,0,7
EU_32013R0525_Title_0_Chapter_3_Section_0_Article_08,18,887,49.27777777777778,3,0,0,1,0,0,0,0,1,1,1,0,0,0,3,1,1,0,0,0,0,0,0,0,0,3,0,0,0,0,0,0,0,0,0,6,3,0,1,32013R0525,3,0,14
EU_32013R0525_Title_0_Chapter_1_Section_0_Article_03,9,7677,853.0,1,2,1,1,0,1,0,0,0,0,0,2,0,0,0,1,0,0,0,0,0,0,0,0,0,0,0,0,1,0,0,0,1,0,0,3,0,2,2,32013R0525,1,0,11
EU_32018L2001_Title_0_Chapter_0_Section_0_Article_14,4,341,85.25,0,0,0,0,0,0,0,0,0,0,0,0,0,0,0,0,0,0,0,0,0,0,0,0,0,0,0,0,0,0,0,0,0,0,0,0,0,0,0,32018L2001,0,0,0
EU_32018L2001_Title_0_Chapter_0_Section_0_Article_28,38,5445,143.28947368421052,6,3,1,1,0,2,1,0,1,2,0,3,2,0,5,1,1,0,0,0,0,0,0,2,0,5,0,0,0,1,0,1,1,0,0,16,7,3,2,32018L2001,0,0,40
EU_32014L0094_Title_0_Chapter_0_Section_0_Article_06,35,6133,175.22857142857143,2,3,0,1,0,0,1,0,0,0,1,3,6,0,0,1,1,0,0,0,0,0,0,6,0,0,0,0,1,1,0,1,0,0,0,11,6,3,1,32014L0094,0,0,31
EU_32014L0094_Title_0_Chapter_0_Section_0_Article_12,7,167,23.857142857142858,0,0,0,0,0,0,0,0,0,0,0,0,0,1,0,0,0,0,0,0,0,0,0,0,1,0,0,0,0,0,0,0,0,0,0,1,1,0,0,32014L0094,0,0,3
EU_32006L0066_Title_0_Chapter_0_Section_0_Article_27,10,1056,105.6,2,2,0,1,1,0,1,0,0,1,0,2,0,0,0,1,1,0,0,0,0,0,0,0,0,0,0,0,1,0,0,1,0,0,0,4,0,2,2,32006L0066,0,0,12
EU_32006L0066_Title_0_Chapter_0_Section_0_Article_26,13,609,46.84615384615385,3,1,0,1,0,0,1,0,0,1,1,1,1,0,0,1,1,0,0,0,0,0,0,1,0,0,0,0,1,0,0,0,0,0,0,5,1,1,1,32006L0066,0,0,11
EU_32014L0094_Title_0_Chapter_0_Section_0_Article_13,5,71,14.2,1,0,0,0,0,1,0,0,0,0,0,0,0,0,0,1,0,0,0,0,0,0,0,0,0,0,0,0,0,0,0,0,0,0,0,1,0,0,0,32014L0094,0,0,1
EU_32014L0094_Title_0_Chapter_0_Section_0_Article_07,20,3732,186.6,2,2,1,0,0,1,1,0,0,0,0,2,1,2,0,1,1,0,0,0,0,0,0,1,2,0,1,0,1,0,0,0,0,0,0,7,3,2,1,32014L0094,0,0,19
EU_32018L2001_Title_0_Chapter_0_Section_0_Article_29,23,16655,724.1304347826087,4,2,1,1,0,0,1,0,1,1,1,2,1,0,2,1,1,0,0,0,0,0,0,1,0,2,0,0,1,1,0,0,0,0,0,9,3,2,2,32018L2001,0,0,23
EU_32018L2001_Title_0_Chapter_0_Section_0_Article_15,20,7155,357.75,2,4,1,1,0,1,0,0,0,1,0,4,2,0,0,1,0,0,0,0,0,0,0,2,0,0,1,0,1,1,0,0,0,1,0,8,2,4,2,32018L2001,0,0,24
EU_32018L2001_Title_0_Chapter_0_Section_0_Article_01,14,804,57.42857142857143,2,3,1,0,0,2,0,0,0,0,0,3,1,0,0,1,0,0,0,0,1,0,0,1,0,0,1,0,1,1,0,0,0,0,0,6,1,3,1,32018L2001,0,0,16
EU_32013R0525_Title_0_Chapter_1_Section_0_Article_02,10,1203,120.3,2,1,0,1,0,0,0,0,0,0,2,1,0,0,0,1,0,0,0,0,1,0,0,0,0,0,0,0,1,0,0,0,0,0,0,3,0,1,1,32013R0525,1,0,7
EU_32013R0525_Title_0_Chapter_3_Section_0_Article_09,20,873,43.65,3,2,0,1,0,0,1,0,0,1,1,2,0,0,3,1,1,0,0,0,0,0,0,0,0,3,0,0,1,1,0,0,0,0,0,8,3,2,1,32013R0525,3,0,20
EU_32013R0525_Title_0_Chapter_7_Section_0_Article_20,13,841,64.6923076923077,3,0,1,1,0,0,1,0,0,1,1,0,0,0,1,1,1,0,0,0,0,0,0,0,0,1,0,0,0,0,0,0,0,0,0,4,1,0,2,32013R0525,7,0,10
EU_32019L0944_Title_0_Chapter_7_Section_5_Article_63,36,2831,78.63888888888889,4,0,0,1,0,0,1,0,1,2,0,0,2,0,7,0,1,0,0,0,0,1,0,2,0,7,0,0,0,0,0,0,0,0,0,13,9,0,1,32019L0944,7,5,33
EU_32012L0027_Title_0_Chapter_5_Section_0_Article_27,21,1984,94.47619047619048,4,1,0,0,0,1,1,0,2,0,0,1,0,3,0,1,0,1,1,0,0,0,0,0,3,0,0,0,1,0,0,0,0,0,0,8,3,1,0,32012L0027,5,0,16
EU_32004L0008_Title_0_Chapter_0_Section_0_Article_13,4,654,163.5,0,0,0,0,0,0,0,0,0,0,0,0,0,0,0,0,0,0,0,0,0,0,0,0,0,0,0,0,0,0,0,0,0,0,0,0,0,0,0,32004L0008,0,0,0
EU_32004L0008_Title_0_Chapter_0_Section_0_Article_07,8,1449,181.125,2,0,0,1,0,0,0,0,0,1,1,0,0,0,0,1,1,0,0,0,0,0,0,0,0,0,0,0,0,0,0,0,0,0,0,2,0,0,1,32004L0008,0,0,4
EU_32019L0944_Title_0_Chapter_3_Section_0_Article_13,7,1343,191.85714285714286,1,1,1,0,0,1,0,0,0,0,0,1,0,0,0,1,0,0,0,0,0,0,0,0,0,0,0,0,1,0,0,0,0,0,0,2,0,1,1,32019L0944,3,0,6
EU_32004L0008_Title_0_Chapter_0_Section_0_Article_03,5,2553,510.6,0,0,0,1,0,0,0,0,0,0,0,0,0,0,0,0,0,0,0,0,0,0,0,0,0,0,0,0,0,0,0,0,0,0,0,0,0,0,1,32004L0008,0,0,2
EU_32004L0008_Title_0_Chapter_0_Section_0_Article_17,7,142,20.285714285714285,0,0,0,0,0,0,0,0,0,0,0,0,0,1,0,0,0,0,0,0,0,0,0,0,1,0,0,0,0,0,0,0,0,0,0,1,1,0,0,32004L0008,0,0,3
EU_32019L0944_Title_0_Chapter_3_Section_0_Article_17,9,3861,429.0,1,3,1,0,0,1,0,0,0,0,0,3,0,0,0,1,0,0,0,0,0,0,0,0,0,0,1,0,1,0,0,0,1,0,0,4,0,3,1,32019L0944,3,0,12
EU_32013R0525_Title_0_Chapter_5_Section_0_Article_13,20,3828,191.4,2,3,1,1,0,0,0,0,0,1,1,3,0,0,3,1,1,0,0,0,0,0,0,0,0,3,0,0,1,1,0,0,1,0,0,8,3,3,2,32013R0525,5,0,24
EU_32012L0027_Title_0_Chapter_5_Section_0_Article_23,22,1415,64.31818181818181,8,0,0,1,0,0,3,0,2,2,1,0,0,1,2,0,1,1,1,0,0,0,0,0,1,2,0,0,0,0,0,0,0,0,0,11,3,0,1,32012L0027,5,0,19
EU_32018R1999_Title_0_Chapter_6_Section_3_Article_40,9,1104,122.66666666666667,3,0,1,1,0,2,1,0,0,0,0,0,0,0,0,1,1,0,0,0,1,0,0,0,0,0,0,0,0,0,0,0,0,0,0,3,0,0,2,32018R1999,6,3,7
EU_32019L0944_Title_0_Chapter_7_Section_5_Article_67,18,1692,94.0,4,0,0,0,0,0,3,0,1,0,0,0,0,3,0,0,1,1,1,0,0,0,0,0,3,0,0,0,0,0,0,0,0,0,0,7,3,0,0,32019L0944,7,5,13
EU_32019L0944_Title_0_Chapter_7_Section_5_Article_73,26,815,31.346153846153847,0,0,0,0,0,0,0,0,0,0,0,0,0,6,0,0,0,0,0,0,0,0,0,0,6,0,0,0,0,0,0,0,0,0,0,6,6,0,0,32019L0944,7,5,18
EU_32013R0525_Title_0_Chapter_7_Section_0_Article_24,12,1409,117.41666666666667,5,2,0,1,0,0,1,0,0,3,1,2,0,0,0,1,1,1,1,0,0,0,0,0,0,0,1,0,1,0,0,0,0,0,0,7,0,2,1,32013R0525,7,0,13
EU_32006L0032_Title_0_Chapter_4_Section_0_Article_16,5,376,75.2,1,0,0,0,0,0,1,0,0,0,0,0,0,0,0,0,1,0,0,0,0,0,0,0,0,0,0,0,0,0,0,0,0,0,0,1,0,0,0,32006L0032,4,0,1
EU_32014R0256_Title_0_Chapter_0_Section_0_Article_08,7,487,69.57142857142857,1,0,1,1,0,0,0,0,0,1,0,0,0,0,0,0,1,0,0,0,0,0,0,0,0,0,0,0,0,0,0,0,0,0,0,1,0,0,2,32014R0256,0,0,5
EU_32012L0027_Title_0_Chapter_3_Section_0_Article_15,20,7880,394.0,4,5,1,1,0,0,1,0,2,0,1,5,1,0,0,1,0,1,1,0,0,0,0,1,0,0,0,0,1,1,1,0,0,1,1,10,1,5,2,32012L0027,3,0,26
EU_32018L2001_Title_0_Chapter_0_Section_0_Article_39,5,71,14.2,1,0,0,0,0,1,0,0,0,0,0,0,0,0,0,1,0,0,0,0,0,0,0,0,0,0,0,0,0,0,0,0,0,0,0,1,0,0,0,32018L2001,0,0,1
EU_32018L2001_Title_0_Chapter_0_Section_0_Article_05,24,3182,132.58333333333334,3,2,0,1,0,1,1,0,0,1,0,2,2,0,2,1,1,0,0,0,0,0,0,2,0,2,0,0,1,0,0,1,0,0,0,9,4,2,1,32018L2001,0,0,23
EU_32018L2001_Title_0_Chapter_0_Section_0_Article_11,13,5471,420.84615384615387,4,1,1,1,0,1,1,0,0,1,1,1,0,0,0,1,1,0,0,0,1,0,0,0,0,0,0,0,0,0,1,0,0,0,0,5,0,1,2,32018L2001,0,0,11
EU_32006L0066_Title_0_Chapter_0_Section_0_Article_22,26,1559,59.96153846153846,2,3,1,1,0,0,0,0,0,1,1,3,0,0,5,1,1,0,0,0,0,0,0,0,0,5,1,1,0,0,0,1,0,0,0,10,5,3,2,32006L0066,0,0,30
EU_32014L0094_Title_0_Chapter_0_Section_0_Article_03,16,4009,250.5625,3,2,1,1,0,0,1,0,0,1,1,2,1,0,0,1,1,0,0,0,0,0,0,1,0,0,0,0,1,1,0,0,0,0,0,6,1,2,2,32014L0094,0,0,16
EU_32014R0421_Title_0_Chapter_0_Section_0_Article_01,61,5714,93.67213114754098,5,4,1,1,0,0,1,0,0,3,1,4,2,2,10,1,1,1,1,0,0,0,0,2,2,10,1,0,1,0,0,1,1,0,0,23,14,4,2,32014R0421,0,0,63
EU_32014L0094_Title_0_Chapter_0_Section_0_Article_02,5,2424,484.8,0,0,1,0,0,0,0,0,0,0,0,0,0,0,0,0,0,0,0,0,0,0,0,0,0,0,0,0,0,0,0,0,0,0,0,0,0,0,1,32014L0094,0,0,2
EU_32006L0066_Title_0_Chapter_0_Section_0_Article_23,9,1175,130.55555555555554,2,0,1,1,0,0,0,0,0,1,1,0,0,0,0,1,1,0,0,0,0,0,0,0,0,0,0,0,0,0,0,0,0,0,0,2,0,0,2,32006L0066,0,0,6
EU_32018L2001_Title_0_Chapter_0_Section_0_Article_10,13,1529,117.61538461538461,3,0,0,1,0,0,1,0,0,1,1,0,0,0,1,1,1,0,0,0,0,0,0,0,0,1,0,0,0,0,0,0,0,0,0,4,1,0,1,32018L2001,0,0,8
EU_32018L2001_Title_0_Chapter_0_Section_0_Article_04,15,3724,248.26666666666668,4,2,1,1,0,1,0,0,0,3,0,2,0,0,1,1,1,1,1,0,0,0,0,0,0,1,0,0,0,0,1,0,0,1,0,7,1,2,2,32018L2001,0,0,17
EU_32018L2001_Title_0_Chapter_0_Section_0_Article_38,7,163,23.285714285714285,0,0,0,0,0,0,0,0,0,0,0,0,0,1,0,0,0,0,0,0,0,0,0,0,1,0,0,0,0,0,0,0,0,0,0,1,1,0,0,32018L2001,0,0,3
EU_32012L0027_Title_0_Chapter_3_Section_0_Article_14,36,8328,231.33333333333334,6,2,1,1,0,0,2,0,2,1,1,2,0,0,7,1,1,1,1,0,0,0,0,0,0,7,1,0,1,0,0,0,0,0,0,15,7,2,2,32012L0027,3,0,37
EU_32014R0256_Title_0_Chapter_0_Section_0_Article_09,6,459,76.5,1,1,0,0,0,1,0,0,0,0,0,1,0,0,0,1,0,0,0,0,0,0,0,0,0,0,0,0,1,0,0,0,0,0,0,2,0,1,0,32014R0256,0,0,4
EU_32013R0525_Title_0_Chapter_7_Section_0_Article_19,15,3527,235.13333333333333,4,1,1,1,0,0,1,0,1,1,1,1,0,0,1,1,1,0,0,0,0,0,0,0,0,1,0,0,1,0,0,0,0,0,0,6,1,1,2,32013R0525,7,0,14
EU_32006L0032_Title_0_Chapter_4_Section_0_Article_17,4,57,14.25,0,0,0,0,0,0,0,0,0,0,0,0,0,0,0,0,0,0,0,0,0,0,0,0,0,0,0,0,0,0,0,0,0,0,0,0,0,0,0,32006L0032,4,0,0
EU_32013R0525_Title_0_Chapter_7_Section_0_Article_25,18,1833,101.83333333333333,7,0,0,1,0,0,3,0,3,1,0,0,0,1,1,0,1,1,1,0,0,0,0,0,1,1,0,0,0,0,0,0,0,0,0,9,2,0,1,32013R0525,7,0,15
EU_32019L0944_Title_0_Chapter_7_Section_5_Article_72,6,439,73.16666666666667,1,1,0,0,0,1,0,0,0,0,0,1,0,0,0,1,0,0,0,0,0,0,0,0,0,0,0,0,1,0,0,0,0,0,0,2,0,1,0,32019L0944,7,5,4
EU_32019L0944_Title_0_Chapter_7_Section_5_Article_66,17,2601,153.0,2,2,1,0,0,1,1,0,0,0,0,2,0,2,0,1,1,0,0,0,0,0,0,0,2,0,0,0,1,0,0,0,1,0,0,6,2,2,1,32019L0944,7,5,16
EU_32012L0027_Title_0_Chapter_5_Section_0_Article_22,6,494,82.33333333333333,1,0,0,1,0,0,1,0,0,0,0,0,0,0,0,0,1,0,0,0,0,0,0,0,0,0,0,0,0,0,0,0,0,0,0,1,0,0,1,32012L0027,5,0,3
EU_32013R0525_Title_0_Chapter_5_Section_0_Article_12,17,1885,110.88235294117646,6,1,1,1,0,3,2,0,1,0,0,1,1,0,0,1,1,0,0,0,1,0,0,1,0,0,0,0,1,0,0,0,0,0,0,8,1,1,2,32013R0525,5,0,16
EU_32019L0944_Title_0_Chapter_3_Section_0_Article_16,9,4023,447.0,1,4,0,0,0,1,0,0,0,0,0,4,0,0,0,1,0,0,0,0,0,0,0,0,0,0,0,0,1,0,1,0,1,0,1,5,0,4,0,32019L0944,3,0,13
EU_32004L0008_Title_0_Chapter_0_Section_0_Article_16,10,338,33.8,2,0,0,0,0,0,0,0,2,0,0,0,0,1,0,0,0,1,1,0,0,0,0,0,1,0,0,0,0,0,0,0,0,0,0,3,1,0,0,32004L0008,0,0,5
EU_32004L0008_Title_0_Chapter_0_Section_0_Article_02,4,131,32.75,0,0,0,0,0,0,0,0,0,0,0,0,0,0,0,0,0,0,0,0,0,0,0,0,0,0,0,0,0,0,0,0,0,0,0,0,0,0,0,32004L0008,0,0,0
EU_32004L0008_Title_0_Chapter_0_Section_0_Article_14,5,380,76.0,1,0,0,0,0,0,1,0,0,0,0,0,0,0,0,0,1,0,0,0,0,0,0,0,0,0,0,0,0,0,0,0,0,0,0,1,0,0,0,32004L0008,0,0,1
EU_32019L0944_Title_0_Chapter_3_Section_0_Article_28,10,1723,172.3,2,2,1,1,0,1,0,0,0,1,0,2,0,0,0,1,1,0,0,0,0,0,0,0,0,0,0,0,1,0,0,0,1,0,0,4,0,2,2,32019L0944,3,0,12
EU_32019L0944_Title_0_Chapter_3_Section_0_Article_14,9,2908,323.1111111111111,1,3,1,0,0,1,0,0,0,0,0,3,0,0,0,1,0,0,0,0,0,0,0,0,0,0,1,0,1,0,0,0,1,0,0,4,0,3,1,32019L0944,3,0,12
EU_32019L0944_Title_0_Chapter_7_Section_5_Article_58,7,2960,422.85714285714283,0,2,1,0,0,0,0,0,0,0,0,2,0,0,0,0,0,0,0,0,0,0,0,0,0,0,0,0,1,0,0,0,1,0,0,2,0,2,1,32019L0944,7,5,8
EU_32019L0944_Title_0_Chapter_7_Section_5_Article_70,11,2607,237.0,2,1,0,0,0,1,1,0,0,0,0,1,1,0,0,1,0,0,0,0,0,0,0,1,0,0,0,0,1,0,0,0,0,0,0,4,1,1,0,32019L0944,7,5,8
EU_32019L0944_Title_0_Chapter_7_Section_5_Article_64,11,1626,147.8181818181818,2,1,0,1,0,1,0,0,0,1,0,1,0,0,1,1,1,0,0,0,0,0,0,0,0,1,0,0,1,0,0,0,0,0,0,4,1,1,1,32019L0944,7,5,10
EU_32013R0525_Title_0_Chapter_7_Section_0_Article_27,14,1223,87.35714285714286,4,1,0,1,0,1,0,0,2,1,0,1,0,0,1,1,1,1,1,0,0,0,0,0,0,1,0,0,1,0,0,0,0,0,0,6,1,1,1,32013R0525,7,0,12
EU_32006L0032_Title_0_Chapter_4_Section_0_Article_15,32,2130,66.5625,6,1,0,1,0,0,2,0,0,3,1,1,3,1,1,1,1,1,1,0,0,0,0,3,1,1,0,0,0,1,0,0,0,0,0,12,5,1,1,32006L0032,4,0,26
EU_32009R0079_Title_0_Chapter_0_Section_0_Article_09,5,307,61.4,0,1,0,0,0,0,0,0,0,0,0,1,0,0,0,0,0,0,0,0,0,0,0,0,0,0,0,0,1,0,0,0,0,0,0,1,0,1,0,32009R0079,0,0,3
EU_32018L2001_Title_0_Chapter_0_Section_0_Article_12,11,1321,120.0909090909091,2,0,0,1,0,0,0,0,0,1,1,0,0,0,1,1,1,0,0,0,0,0,0,0,0,1,0,0,0,0,0,0,0,0,0,3,1,0,1,32018L2001,0,0,7
EU_32018L2001_Title_0_Chapter_0_Section_0_Article_06,16,1887,117.9375,1,3,0,1,0,0,0,0,0,0,1,3,0,0,2,1,0,0,0,0,0,0,0,0,0,2,0,0,0,1,1,0,0,1,0,6,2,3,1,32018L2001,0,0,18
EU_32006L0066_Title_0_Chapter_0_Section_0_Article_21,15,1798,119.86666666666666,1,2,0,0,0,1,0,0,0,0,0,2,2,0,0,1,0,0,0,0,0,0,0,2,0,0,1,0,1,0,0,0,0,0,0,5,2,2,0,32006L0066,0,0,13
EU_32006L0066_Title_0_Chapter_0_Section_0_Article_09,9,390,43.333333333333336,2,1,1,1,0,0,1,0,0,1,0,1,0,0,0,1,1,0,0,0,0,0,0,0,0,0,0,0,0,0,0,0,0,0,1,3,0,1,2,32006L0066,0,0,9
EU_32018R1999_Title_0_Chapter_2_Section_0_Article_08,16,2893,180.8125,1,1,1,0,0,1,0,0,0,0,0,1,3,0,0,1,0,0,0,0,0,0,0,3,0,0,0,0,0,1,0,0,0,0,0,5,3,1,1,32018R1999,2,0,15
EU_32014L0094_Title_0_Chapter_0_Section_0_Article_01,9,656,72.88888888888889,1,3,1,0,0,1,0,0,0,0,0,3,0,0,0,1,0,0,0,0,0,0,0,0,0,0,1,0,1,1,0,0,0,0,0,4,0,3,1,32014L0094,0,0,12
EU_32006L0066_Title_0_Chapter_0_Section_0_Article_08,9,2379,264.3333333333333,2,1,1,1,0,0,1,0,0,1,0,1,0,0,0,1,0,0,0,0,0,0,0,0,0,0,0,0,1,0,0,0,0,0,0,3,0,1,2,32006L0066,0,0,9
EU_32014R0421_Title_0_Chapter_0_Section_0_Article_02,16,256,16.0,1,0,0,0,0,1,0,0,0,0,0,0,0,3,0,1,0,0,0,0,0,0,0,0,3,0,0,0,0,0,0,0,0,0,0,4,3,0,0,32014R0421,0,0,10
EU_32018R1999_Title_0_Chapter_2_Section_0_Article_09,31,2328,75.09677419354838,3,1,1,1,0,0,1,0,0,1,1,1,3,0,3,1,1,0,0,0,0,0,0,3,0,3,0,0,0,1,0,0,0,0,0,10,6,1,2,32018R1999,2,0,28
EU_32006L0066_Title_0_Chapter_0_Section_0_Article_20,6,1131,188.5,1,1,0,0,0,0,1,0,0,0,0,1,0,0,0,1,0,0,0,0,0,0,0,0,0,0,1,0,0,0,0,0,0,0,0,2,0,1,0,32006L0066,0,0,4
EU_32018L2001_Title_0_Chapter_0_Section_0_Article_07,14,6470,462.14285714285717,3,1,0,1,0,0,1,0,0,1,1,1,1,0,0,1,1,0,0,0,0,0,0,1,0,0,0,0,1,0,0,0,0,0,0,5,1,1,1,32018L2001,0,0,11
EU_32018L2001_Title_0_Chapter_0_Section_0_Article_13,17,1856,109.17647058823529,3,2,0,1,0,1,1,0,0,1,0,2,0,0,2,1,1,0,0,0,0,0,0,0,0,2,1,0,1,0,0,0,0,0,0,7,2,2,1,32018L2001,0,0,17
EU_32009R0079_Title_0_Chapter_0_Section_0_Article_08,5,587,117.4,0,1,0,0,0,0,0,0,0,0,0,1,0,0,0,0,0,0,0,0,0,0,0,0,0,0,0,0,1,0,0,0,0,0,0,1,0,1,0,32009R0079,0,0,3
EU_32006L0032_Title_0_Chapter_4_Section_0_Article_14,46,3307,71.8913043478261,5,2,1,1,0,0,1,0,2,1,1,2,0,0,11,1,1,1,1,0,0,0,0,0,0,11,0,0,1,1,0,0,0,0,0,18,11,2,2,32006L0032,4,0,48
EU_32013R0525_Title_0_Chapter_7_Section_0_Article_26,5,288,57.6,1,0,0,0,0,0,1,0,0,0,0,0,0,0,0,0,1,0,0,0,0,0,0,0,0,0,0,0,0,0,0,0,0,0,0,1,0,0,0,32013R0525,7,0,1
EU_32019L0944_Title_0_Chapter_7_Section_5_Article_65,14,804,57.42857142857143,3,0,1,0,0,2,1,0,0,0,0,0,2,0,0,1,1,0,0,0,0,0,0,2,0,0,0,0,0,0,0,0,0,0,0,5,2,0,1,32019L0944,7,5,11
EU_32019L0944_Title_0_Chapter_7_Section_5_Article_71,20,1505,75.25,3,1,0,0,0,1,2,0,0,0,0,1,3,0,0,1,1,0,0,0,0,0,0,3,0,0,0,0,1,0,0,0,0,0,0,7,3,1,0,32019L0944,7,5,15
EU_32019L0944_Title_0_Chapter_7_Section_5_Article_59,31,15890,512.5806451612904,7,5,1,1,1,1,2,0,2,2,0,5,0,0,4,1,1,0,0,0,0,1,0,0,0,4,1,0,1,0,1,0,1,0,1,16,4,5,3,32019L0944,7,5,40
EU_32019L0944_Title_0_Chapter_3_Section_0_Article_15,7,2948,421.14285714285717,1,1,1,0,0,1,0,0,0,0,0,1,0,0,0,1,0,0,0,0,0,0,0,0,0,0,0,0,1,0,0,0,0,0,0,2,0,1,1,32019L0944,3,0,6
EU_32019L0944_Title_0_Chapter_3_Section_0_Article_29,7,597,85.28571428571429,2,1,0,0,0,1,1,0,0,0,0,1,0,0,0,1,1,0,0,0,0,0,0,0,0,0,0,0,1,0,0,0,0,0,0,3,0,1,0,32019L0944,3,0,5
EU_32004L0008_Title_0_Chapter_0_Section_0_Article_01,6,413,68.83333333333333,0,1,1,0,0,0,0,0,0,0,0,1,0,0,0,0,0,0,0,0,0,0,0,0,0,0,0,0,0,1,0,0,0,0,0,1,0,1,1,32004L0008,0,0,5
EU_32004L0008_Title_0_Chapter_0_Section_0_Article_15,11,490,44.54545454545455,2,1,0,0,0,1,1,0,0,0,0,1,1,0,0,1,1,0,0,0,0,0,0,1,0,0,0,0,1,0,0,0,0,0,0,4,1,1,0,32004L0008,0,0,8
EU_32008R1099_Title_0_Chapter_0_Section_0_Article_07,17,277,16.294117647058822,1,0,0,0,0,0,0,0,0,0,1,0,0,2,2,1,0,0,0,0,0,0,0,0,2,2,0,0,0,0,0,0,0,0,0,5,4,0,0,32008R1099,0,0,13
EU_32019R0631_Title_0_Chapter_0_Section_0_Article_05,21,527,25.095238095238095,0,1,0,0,0,0,0,0,0,0,0,1,4,0,0,0,0,0,0,0,0,0,0,4,0,0,0,0,1,0,0,0,0,0,0,5,4,1,0,32019R0631,0,0,15
EU_32019R0631_Title_0_Chapter_0_Section_0_Article_11,17,2804,164.94117647058823,2,1,1,1,0,0,1,0,0,1,0,1,1,1,0,0,1,0,0,0,0,0,0,1,1,0,0,0,1,0,0,0,0,0,0,5,2,1,2,32019R0631,0,0,15
EU_32018R1999_Title_0_Chapter_7_Section_3_Article_55,15,375,25.0,4,0,0,1,0,0,0,0,2,1,1,0,0,0,2,1,1,1,1,0,0,0,0,0,0,2,0,0,0,0,0,0,0,0,0,6,2,0,1,32018R1999,7,3,12
EU_32018R1999_Title_0_Chapter_7_Section_3_Article_41,18,1795,99.72222222222223,4,1,0,1,0,1,2,0,0,0,1,1,0,0,2,1,1,0,0,0,1,0,0,0,0,2,0,0,0,1,0,0,0,0,0,7,2,1,1,32018R1999,7,3,15
EU_32006L0032_Title_0_Chapter_1_Section_0_Article_02,12,920,76.66666666666667,3,1,0,0,0,1,0,0,2,0,0,1,0,1,0,1,0,1,1,0,0,0,0,0,1,0,0,0,0,0,0,0,1,0,0,5,1,1,0,32006L0032,1,0,9
EU_32019L0944_Title_0_Chapter_6_Section_3_Article_49,5,1358,271.6,0,1,0,0,0,0,0,0,0,0,0,1,0,0,0,0,0,0,0,0,0,0,0,0,0,0,0,0,0,1,0,0,0,0,0,1,0,1,0,32019L0944,6,3,3
EU_32019L0944_Title_0_Chapter_4_Section_0_Article_34,7,877,125.28571428571429,1,1,1,0,0,1,0,0,0,0,0,1,0,0,0,1,0,0,0,0,0,0,0,0,0,0,0,0,1,0,0,0,0,0,0,2,0,1,1,32019L0944,4,0,6
EU_32018R1999_Title_0_Chapter_1_Section_0_Article_01,17,2041,120.05882352941177,5,1,1,1,0,0,1,0,0,2,2,1,1,0,0,1,1,0,0,0,1,0,0,1,0,0,0,0,0,1,0,0,0,0,0,7,1,1,2,32018R1999,1,0,15
EU_32009L0028_Title_0_Chapter_0_Section_0_Article_06,14,1254,89.57142857142857,3,1,1,1,0,2,0,0,0,1,0,1,1,0,0,1,1,0,0,0,0,0,0,1,0,0,0,0,0,0,0,0,1,0,0,5,1,1,2,32009L0028,0,0,13
EU_32009L0028_Title_0_Chapter_0_Section_0_Article_12,4,329,82.25,0,0,0,0,0,0,0,0,0,0,0,0,0,0,0,0,0,0,0,0,0,0,0,0,0,0,0,0,0,0,0,0,0,0,0,0,0,0,0,32009L0028,0,0,0
EU_32006L0032_Title_0_Chapter_3_Section_0_Article_09,8,673,84.125,1,3,0,0,0,1,0,0,0,0,0,3,0,0,0,1,0,0,0,0,0,0,0,0,0,0,0,0,0,0,1,0,0,1,1,4,0,3,0,32006L0032,3,0,10
EU_32018L0844_Title_0_Chapter_0_Section_0_Article_01,76,29188,384.05263157894734,12,6,1,1,0,1,4,0,3,3,1,6,12,1,1,1,1,1,1,0,0,0,1,12,1,1,1,1,1,1,0,1,1,0,0,32,14,6,2,32018L0844,0,0,76
EU_32009L0028_Title_0_Chapter_0_Section_0_Article_13,15,6320,421.3333333333333,1,1,1,0,0,1,0,0,0,0,0,1,2,0,0,1,0,0,0,0,0,0,0,2,0,0,0,0,1,0,0,0,0,0,0,4,2,1,1,32009L0028,0,0,12
EU_32006L0032_Title_0_Chapter_3_Section_0_Article_08,8,459,57.375,1,1,1,1,0,1,0,0,0,0,0,1,0,0,0,1,0,0,0,0,0,0,0,0,0,0,0,0,1,0,0,0,0,0,0,2,0,1,2,32006L0032,3,0,8
EU_32009L0028_Title_0_Chapter_0_Section_0_Article_07,10,1783,178.3,2,0,1,1,0,0,0,0,0,1,1,0,0,0,0,1,1,0,0,0,0,0,0,0,0,0,0,0,0,0,0,0,0,0,0,2,0,0,2,32009L0028,0,0,6
EU_32019L0944_Title_0_Chapter_4_Section_0_Article_35,12,4120,343.3333333333333,2,1,1,1,0,1,1,0,0,0,0,1,0,0,1,1,0,0,0,0,0,0,0,0,0,1,0,0,1,0,0,0,0,0,0,4,1,1,2,32019L0944,4,0,12
EU_32019L0944_Title_0_Chapter_6_Section_3_Article_48,6,4247,707.8333333333334,0,1,0,1,0,0,0,0,0,0,0,1,0,0,0,0,0,0,0,0,0,0,0,0,0,0,0,0,1,0,0,0,0,0,0,1,0,1,1,32019L0944,6,3,5
EU_32006L0032_Title_0_Chapter_1_Section_0_Article_03,17,5602,329.52941176470586,2,6,0,1,0,0,0,0,2,0,0,6,0,1,0,0,0,1,1,0,0,0,0,0,1,0,0,0,0,1,1,1,1,1,1,9,1,6,1,32006L0032,1,0,25
EU_32018R1999_Title_0_Chapter_7_Section_3_Article_54,4,295,73.75,0,0,0,0,0,0,0,0,0,0,0,0,0,0,0,0,0,0,0,0,0,0,0,0,0,0,0,0,0,0,0,0,0,0,0,0,0,0,0,32018R1999,7,3,0
EU_32019R0631_Title_0_Chapter_0_Section_0_Article_10,27,5935,219.8148148148148,4,2,1,1,0,0,1,0,2,1,0,2,4,0,0,0,1,1,1,0,0,0,0,4,0,0,0,0,1,0,1,0,0,0,0,10,4,2,2,32019R0631,0,0,26
EU_32019R0631_Title_0_Chapter_0_Section_0_Article_04,20,1613,80.65,0,1,1,0,0,0,0,0,0,0,0,1,3,1,0,0,0,0,0,0,0,0,0,3,1,0,0,0,1,0,0,0,0,0,0,5,4,1,1,32019R0631,0,0,17
EU_32013R0525_Title_0_Chapter_6_Section_0_Article_18,8,543,67.875,3,0,0,1,0,0,0,0,0,1,2,0,0,0,0,1,1,0,0,0,1,0,0,0,0,0,0,0,0,0,0,0,0,0,0,3,0,0,1,32013R0525,6,0,5
EU_32008R1099_Title_0_Chapter_0_Section_0_Article_06,27,2125,78.70370370370371,5,1,1,1,0,0,0,0,2,2,1,1,2,0,3,1,1,1,1,0,0,0,1,2,0,3,0,0,1,0,0,0,0,0,0,11,5,1,2,32008R1099,0,0,27
EU_32008R1099_Title_0_Chapter_0_Section_0_Article_12,11,250,22.727272727272727,1,0,0,0,0,1,0,0,0,0,0,0,0,2,0,1,0,0,0,0,0,0,0,0,2,0,0,0,0,0,0,0,0,0,0,3,2,0,0,32008R1099,0,0,7
EU_32019L0944_Title_0_Chapter_2_Section_0_Article_03,8,1539,192.375,1,2,1,0,0,1,0,0,0,0,0,2,0,0,0,1,0,0,0,0,0,0,0,0,0,0,0,0,1,0,0,0,1,0,0,3,0,2,1,32019L0944,2,0,9
EU_32012L0027_Title_0_Chapter_4_Section_0_Article_21,4,230,57.5,0,0,0,0,0,0,0,0,0,0,0,0,0,0,0,0,0,0,0,0,0,0,0,0,0,0,0,0,0,0,0,0,0,0,0,0,0,0,0,32012L0027,4,0,0
EU_32013R0525_Title_0_Chapter_4_Section_0_Article_11,8,765,95.625,1,1,1,1,0,1,0,0,0,0,0,1,0,0,0,1,0,0,0,0,0,0,0,0,0,0,0,0,1,0,0,0,0,0,0,2,0,1,2,32013R0525,4,0,8
EU_32008R1099_Title_0_Chapter_0_Section_0_Article_04,15,741,49.4,0,1,0,1,0,0,0,0,0,0,0,1,0,0,3,0,0,0,0,0,0,0,0,0,0,3,0,0,1,0,0,0,0,0,0,4,3,1,1,32008R1099,0,0,14
EU_32008R1099_Title_0_Chapter_0_Section_0_Article_10,9,1084,120.44444444444444,0,1,0,1,0,0,0,0,0,0,0,1,0,0,1,0,0,0,0,0,0,0,0,0,0,1,0,0,1,0,0,0,0,0,0,2,1,1,1,32008R1099,0,0,8
EU_32019R0631_Title_0_Chapter_0_Section_0_Article_12,26,2892,111.23076923076923,2,2,1,1,0,0,1,0,0,1,0,2,1,0,4,0,1,0,0,0,0,0,0,1,0,4,1,0,1,0,0,0,0,0,0,9,5,2,2,32019R0631,0,0,27
EU_32019R0631_Title_0_Chapter_0_Section_0_Article_06,15,3167,211.13333333333333,2,2,1,1,1,0,1,0,0,1,0,2,1,0,0,0,1,0,0,0,0,0,0,1,0,0,0,0,1,0,1,0,0,0,0,5,1,2,3,32019R0631,0,0,17
EU_32018R1999_Title_0_Chapter_7_Section_3_Article_42,11,1707,155.1818181818182,5,0,1,1,0,0,1,0,0,3,1,0,0,0,0,1,1,1,1,0,0,0,0,0,0,0,0,0,0,0,0,0,0,0,0,5,0,0,2,32018R1999,7,3,9
EU_32018R1999_Title_0_Chapter_7_Section_3_Article_56,10,841,84.1,2,0,0,1,0,0,0,0,0,1,1,0,0,0,1,1,1,0,0,0,0,0,0,0,0,1,0,0,0,0,0,0,0,0,0,3,1,0,1,32018R1999,7,3,7
EU_32006L0032_Title_0_Chapter_1_Section_0_Article_01,7,558,79.71428571428571,1,1,1,0,0,1,0,0,0,0,0,1,0,0,0,1,0,0,0,0,0,0,0,0,0,0,0,0,0,1,0,0,0,0,0,2,0,1,1,32006L0032,1,0,6
EU_32019L0944_Title_0_Chapter_4_Section_0_Article_37,5,458,91.6,0,1,0,0,0,0,0,0,0,0,0,1,0,0,0,0,0,0,0,0,0,0,0,0,0,0,0,0,1,0,0,0,0,0,0,1,0,1,0,32019L0944,4,0,3
EU_32018R1999_Title_0_Chapter_1_Section_0_Article_02,53,12079,227.9056603773585,5,2,1,1,0,1,1,0,3,0,0,2,10,0,0,1,1,1,1,1,0,0,0,10,0,0,0,0,0,1,0,1,0,0,0,17,10,2,2,32018R1999,1,0,45
EU_32009L0028_Title_0_Chapter_0_Section_0_Article_11,18,1605,89.16666666666667,2,2,1,1,0,0,0,0,0,1,1,2,0,0,2,1,1,0,0,0,0,0,0,0,0,2,0,0,0,0,0,1,1,0,0,6,2,2,2,32009L0028,0,0,18
EU_32009L0028_Title_0_Chapter_0_Section_0_Article_05,21,5375,255.95238095238096,5,1,1,1,0,0,1,0,2,1,1,1,2,0,0,1,1,1,1,0,0,0,0,2,0,0,0,0,1,0,0,0,0,0,0,8,2,1,2,32009L0028,0,0,18
EU_32018L0844_Title_0_Chapter_0_Section_0_Article_03,14,964,68.85714285714286,3,1,0,1,0,0,1,0,0,1,1,1,1,0,0,1,1,0,0,0,0,0,0,1,0,0,0,0,1,0,0,0,0,0,0,5,1,1,1,32018L0844,0,0,11
EU_32018L0844_Title_0_Chapter_0_Section_0_Article_02,16,496,31.0,2,1,1,1,0,0,0,0,0,1,1,1,2,0,0,1,1,0,0,0,0,0,0,2,0,0,0,0,0,1,0,0,0,0,0,5,2,1,2,32018L0844,0,0,15
EU_32009L0028_Title_0_Chapter_0_Section_0_Article_04,40,3353,83.825,5,3,1,1,1,1,1,0,0,2,1,3,5,0,2,1,1,1,0,0,0,0,0,5,0,2,1,0,0,1,0,0,1,0,0,15,7,3,3,32009L0028,0,0,41
EU_32009L0028_Title_0_Chapter_0_Section_0_Article_10,12,1346,112.16666666666667,2,0,1,1,0,0,0,0,0,1,1,0,0,0,1,1,1,0,0,0,0,0,0,0,0,1,0,0,0,0,0,0,0,0,0,3,1,0,2,32009L0028,0,0,9
EU_32019L0944_Title_0_Chapter_4_Section_0_Article_36,17,2977,175.11764705882354,1,4,1,1,0,1,0,0,0,0,0,4,1,0,1,1,0,0,0,0,0,0,0,1,0,1,1,0,1,0,0,0,1,1,0,7,2,4,2,32019L0944,4,0,23
EU_32018R1999_Title_0_Chapter_7_Section_3_Article_57,12,469,39.083333333333336,0,0,0,0,0,0,0,0,0,0,0,0,0,2,0,0,0,0,0,0,0,0,0,0,2,0,0,0,0,0,0,0,0,0,0,2,2,0,0,32018R1999,7,3,6
EU_32018R1999_Title_0_Chapter_7_Section_3_Article_43,25,2200,88.0,10,0,0,1,0,2,4,0,3,1,0,0,0,2,1,1,1,1,1,0,0,0,0,0,2,1,0,0,0,0,0,0,0,0,0,13,3,0,1,32018R1999,7,3,21
EU_32019R0631_Title_0_Chapter_0_Section_0_Article_07,30,5030,167.66666666666666,6,2,1,1,0,1,1,0,2,2,0,2,4,0,0,1,1,1,1,0,0,0,0,4,0,0,0,0,1,1,0,0,0,0,0,12,4,2,2,32019R0631,0,0,28
EU_32019R0631_Title_0_Chapter_0_Section_0_Article_13,7,2363,337.57142857142856,1,1,0,1,0,0,1,0,0,0,0,1,0,0,0,0,1,0,0,0,0,0,0,0,0,0,0,0,1,0,0,0,0,0,0,2,0,1,1,32019R0631,0,0,6
EU_32008R1099_Title_0_Chapter_0_Section_0_Article_11,8,514,64.25,1,0,0,0,0,0,1,0,0,0,0,0,1,0,0,0,1,0,0,0,0,0,0,1,0,0,0,0,0,0,0,0,0,0,0,2,1,0,0,32008R1099,0,0,4
EU_32008R1099_Title_0_Chapter_0_Section_0_Article_05,22,936,42.54545454545455,5,1,0,1,0,1,1,0,0,2,1,1,1,0,2,1,1,0,0,0,0,0,1,1,0,2,0,0,1,0,0,0,0,0,0,9,3,1,1,32008R1099,0,0,19
EU_32013R0525_Title_0_Chapter_4_Section_0_Article_10,9,947,105.22222222222223,3,1,0,1,0,0,0,0,1,2,0,1,0,0,0,1,1,0,0,0,1,0,0,0,0,0,0,0,1,0,0,0,0,0,0,4,0,1,1,32013R0525,4,0,8
EU_32012L0027_Title_0_Chapter_4_Section_0_Article_20,13,1819,139.92307692307693,3,5,1,0,0,1,2,0,0,0,0,5,0,0,0,1,1,0,0,0,0,0,0,0,0,0,1,0,1,0,1,0,1,1,0,8,0,5,1,32012L0027,4,0,20
EU_32012L0027_Title_0_Chapter_4_Section_0_Article_18,13,2655,204.23076923076923,1,6,1,1,0,1,0,0,0,0,0,6,0,0,0,1,0,0,0,0,0,0,0,0,0,0,1,0,1,1,1,0,0,1,1,7,0,6,2,32012L0027,4,0,23
EU_32018R1999_Title_0_Chapter_4_Section_3_Article_28,14,823,58.785714285714285,3,1,1,1,0,2,0,0,0,1,0,1,1,0,0,1,1,0,0,0,0,0,0,1,0,0,0,0,0,1,0,0,0,0,0,5,1,1,2,32018R1999,4,3,13
EU_32019L0944_Title_0_Chapter_2_Section_0_Article_04,5,334,66.8,1,0,0,0,0,1,0,0,0,0,0,0,0,0,0,1,0,0,0,0,0,0,0,0,0,0,0,0,0,0,0,0,0,0,0,1,0,0,0,32019L0944,2,0,1
EU_32018R1999_Title_0_Chapter_6_Section_3_Article_37,32,3411,106.59375,4,0,1,1,0,0,1,0,0,2,1,0,3,0,3,1,1,0,0,0,0,0,0,3,0,3,0,0,0,0,0,0,0,0,0,10,6,0,2,32018R1999,6,3,26
EU_32008R1099_Title_0_Chapter_0_Section_0_Article_01,6,318,53.0,0,1,1,0,0,0,0,0,0,0,0,1,0,0,0,0,0,0,0,0,0,0,0,0,0,0,0,0,0,1,0,0,0,0,0,1,0,1,1,32008R1099,0,0,5
EU_32018R1999_Title_0_Chapter_7_Section_3_Article_47,11,820,74.54545454545455,2,0,1,0,0,1,1,0,0,0,0,0,1,0,0,1,1,0,0,0,0,0,0,1,0,0,0,0,0,0,0,0,0,0,0,3,1,0,1,32018R1999,7,3,7
EU_32018R1999_Title_0_Chapter_7_Section_3_Article_53,29,3198,110.27586206896552,7,1,1,1,0,0,1,0,2,3,1,1,1,1,2,1,1,1,1,0,0,0,0,1,1,2,0,0,0,1,0,0,0,0,0,12,4,1,2,32018R1999,7,3,26
EU_32019R0631_Title_0_Chapter_0_Section_0_Article_17,20,2321,116.05,6,2,0,1,0,2,3,0,0,1,0,2,0,1,1,1,1,1,1,0,0,0,0,0,1,1,0,0,1,1,0,0,0,0,0,10,2,2,1,32019R0631,0,0,20
EU_32019R0631_Title_0_Chapter_0_Section_0_Article_03,15,4639,309.26666666666665,1,1,1,0,0,0,1,0,0,0,0,1,1,1,0,0,1,0,0,0,0,0,0,1,1,0,0,0,1,0,0,0,0,0,0,4,2,1,1,32019R0631,0,0,12
EU_32019L0944_Title_0_Chapter_4_Section_0_Article_32,13,3933,302.53846153846155,2,2,1,1,0,1,0,0,1,0,0,2,1,0,0,1,0,0,0,0,0,0,0,1,0,0,0,0,1,0,0,0,1,0,0,5,1,2,2,32019L0944,4,0,15
EU_32012L0027_Title_0_Chapter_2_Section_0_Article_12,11,878,79.81818181818181,1,5,1,0,0,0,1,0,0,0,0,5,0,0,0,1,0,0,0,0,0,0,0,0,0,0,1,0,0,1,1,0,0,1,1,6,0,5,1,32012L0027,2,0,18
EU_32019L0944_Title_0_Chapter_5_Section_0_Article_42,7,1855,265.0,0,2,1,0,0,0,0,0,0,0,0,2,0,0,0,0,0,0,0,0,0,0,0,0,0,0,0,0,1,0,0,0,1,0,0,2,0,2,1,32019L0944,5,0,8
EU_32012L0027_Title_0_Chapter_2_Section_0_Article_06,10,2219,221.9,4,2,0,0,0,1,1,0,2,0,0,2,0,0,0,1,0,1,1,0,0,0,0,0,0,0,0,0,1,0,0,0,0,1,0,6,0,2,0,32012L0027,2,0,10
EU_32009L0028_Title_0_Chapter_0_Section_0_Article_28,7,154,22.0,0,0,0,0,0,0,0,0,0,0,0,0,0,1,0,0,0,0,0,0,0,0,0,0,1,0,0,0,0,0,0,0,0,0,0,1,1,0,0,32009L0028,0,0,3
EU_32009L0028_Title_0_Chapter_0_Section_0_Article_14,12,2163,180.25,1,2,1,0,0,1,0,0,0,0,0,2,1,0,0,1,0,0,0,0,0,0,0,1,0,0,1,0,1,0,0,0,0,0,0,4,1,2,1,32009L0028,0,0,12
EU_32009L0028_Title_0_Chapter_0_Section_0_Article_01,10,676,67.6,1,4,1,0,0,1,0,0,0,0,0,4,0,0,0,1,0,0,0,0,0,0,0,0,0,0,1,0,1,1,0,0,1,0,0,5,0,4,1,32009L0028,0,0,15
EU_32009L0028_Title_0_Chapter_0_Section_0_Article_15,14,5037,359.7857142857143,3,3,0,1,0,1,1,0,0,1,0,3,1,0,0,1,1,0,0,0,0,0,0,1,0,0,0,0,1,0,0,0,1,1,0,7,1,3,1,32009L0028,0,0,17
EU_32009L0028_Title_0_Chapter_0_Section_0_Article_29,5,71,14.2,1,0,0,0,0,1,0,0,0,0,0,0,0,0,0,1,0,0,0,0,0,0,0,0,0,0,0,0,0,0,0,0,0,0,0,1,0,0,0,32009L0028,0,0,1
EU_32012L0027_Title_0_Chapter_2_Section_0_Article_07,46,10833,235.5,5,7,1,1,1,0,2,0,0,2,1,7,2,0,6,1,1,0,0,0,0,0,0,2,0,6,1,0,1,1,1,1,0,1,1,20,8,7,3,32012L0027,2,0,56
EU_32012L0027_Title_0_Chapter_2_Section_0_Article_13,13,500,38.46153846153846,2,1,0,1,1,0,0,0,0,1,1,1,0,0,1,1,1,0,0,0,0,0,0,0,0,1,0,0,1,0,0,0,0,0,0,4,1,1,2,32012L0027,2,0,12
EU_32019L0944_Title_0_Chapter_4_Section_0_Article_33,16,2848,178.0,5,2,1,1,0,1,1,0,2,1,0,2,0,0,1,1,0,1,1,0,0,0,0,0,0,1,0,0,1,0,0,0,0,1,0,8,1,2,2,32019L0944,4,0,18
EU_32019R0631_Title_0_Chapter_0_Section_0_Article_02,9,1888,209.77777777777777,0,1,0,0,0,0,0,0,0,0,0,1,1,0,0,0,0,0,0,0,0,0,0,1,0,0,0,0,1,0,0,0,0,0,0,2,1,1,0,32019R0631,0,0,6
EU_32019R0631_Title_0_Chapter_0_Section_0_Article_16,7,603,86.14285714285714,3,0,0,0,0,0,1,0,2,0,0,0,0,0,0,0,1,1,1,0,0,0,0,0,0,0,0,0,0,0,0,0,0,0,0,3,0,0,0,32019R0631,0,0,3
EU_32018R1999_Title_0_Chapter_7_Section_3_Article_52,10,413,41.3,2,0,0,1,0,0,0,0,0,1,1,0,0,0,1,1,1,0,0,0,0,0,0,0,0,1,0,0,0,0,0,0,0,0,0,3,1,0,1,32018R1999,7,3,7
EU_32018R1999_Title_0_Chapter_7_Section_3_Article_46,4,153,38.25,0,0,0,0,0,0,0,0,0,0,0,0,0,0,0,0,0,0,0,0,0,0,0,0,0,0,0,0,0,0,0,0,0,0,0,0,0,0,0,32018R1999,7,3,0
EU_32019L0944_Title_0_Chapter_2_Section_0_Article_05,27,5138,190.2962962962963,4,4,1,1,0,0,0,0,0,3,1,4,0,0,4,1,1,1,1,0,0,0,0,0,0,4,1,0,1,0,1,0,1,0,0,12,4,4,2,32019L0944,2,0,32
EU_32012L0027_Title_0_Chapter_4_Section_0_Article_19,16,1868,116.75,4,6,1,1,0,1,2,0,0,1,0,6,0,0,0,1,1,0,0,0,0,0,0,0,0,0,1,0,1,1,1,0,0,1,1,10,0,6,2,32012L0027,4,0,26
EU_32019L0944_Title_0_Chapter_2_Section_0_Article_07,7,1370,195.71428571428572,1,1,1,0,0,1,0,0,0,0,0,1,0,0,0,1,0,0,0,0,0,0,0,0,0,0,0,0,1,0,0,0,0,0,0,2,0,1,1,32019L0944,2,0,6
EU_32008R1099_Title_0_Chapter_0_Section_0_Article_02,6,1112,185.33333333333334,2,0,0,0,0,0,2,0,0,0,0,0,0,0,0,0,1,0,0,0,0,0,1,0,0,0,0,0,0,0,0,0,0,0,0,2,0,0,0,32008R1099,0,0,2
EU_32018R1999_Title_0_Chapter_7_Section_3_Article_50,4,106,26.5,0,0,0,0,0,0,0,0,0,0,0,0,0,0,0,0,0,0,0,0,0,0,0,0,0,0,0,0,0,0,0,0,0,0,0,0,0,0,0,32018R1999,7,3,0
EU_32018R1999_Title_0_Chapter_7_Section_3_Article_44,8,1205,150.625,2,0,1,1,0,0,2,0,0,0,0,0,0,0,0,1,1,0,0,0,0,0,0,0,0,0,0,0,0,0,0,0,0,0,0,2,0,0,2,32018R1999,7,3,6
EU_32019R0631_Title_0_Chapter_0_Section_0_Article_14,44,1436,32.63636363636363,1,0,0,0,0,1,0,0,0,0,0,0,7,3,0,0,1,0,0,0,0,0,0,7,3,0,0,0,0,0,0,0,0,0,0,11,10,0,0,32019R0631,0,0,31
EU_32019L0944_Title_0_Chapter_4_Section_0_Article_31,10,4431,443.1,2,3,1,0,0,1,1,0,0,0,0,3,0,0,0,1,0,0,0,0,0,0,0,0,0,0,0,0,1,0,0,0,1,0,1,5,0,3,1,32019L0944,4,0,13
EU_32019L0944_Title_0_Chapter_5_Section_0_Article_41,8,1520,190.0,1,2,1,0,0,1,0,0,0,0,0,2,0,0,0,1,0,0,0,0,0,0,0,0,0,0,0,0,1,0,0,0,1,0,0,3,0,2,1,32019L0944,5,0,9
EU_32012L0027_Title_0_Chapter_2_Section_0_Article_05,59,5724,97.01694915254237,3,3,1,1,0,0,1,0,0,1,1,3,7,2,4,1,1,0,0,0,0,0,0,7,2,4,0,0,1,1,0,0,0,1,0,19,13,3,2,32012L0027,2,0,55
EU_32012L0027_Title_0_Chapter_2_Section_0_Article_11,5,875,175.0,1,0,0,0,0,1,0,0,0,0,0,0,0,0,0,1,0,0,0,0,0,0,0,0,0,0,0,0,0,0,0,0,0,0,0,1,0,0,0,32012L0027,2,0,1
EU_32018L0844_Title_0_Chapter_0_Section_0_Article_05,5,70,14.0,1,0,0,0,0,1,0,0,0,0,0,0,0,0,0,1,0,0,0,0,0,0,0,0,0,0,0,0,0,0,0,0,0,0,0,1,0,0,0,32018L0844,0,0,1
EU_32009L0028_Title_0_Chapter_0_Section_0_Article_03,28,3528,126.0,2,1,1,0,0,2,0,0,0,0,0,1,5,0,0,1,1,0,0,0,0,0,0,5,0,0,0,0,1,0,0,0,0,0,0,8,5,1,1,32009L0028,0,0,22
EU_32009L0028_Title_0_Chapter_0_Section_0_Article_17,50,9612,192.24,8,3,1,1,0,0,3,0,1,3,1,3,2,3,4,1,1,1,1,0,0,0,0,2,3,4,0,0,1,0,1,1,0,0,0,20,9,3,2,32009L0028,0,0,48
EU_32009L0028_Title_0_Chapter_0_Section_0_Article_16,23,6813,296.2173913043478,3,3,1,1,0,1,0,0,2,0,0,3,3,0,0,1,0,1,1,0,0,0,0,3,0,0,0,0,1,1,0,0,0,0,1,9,3,3,2,32009L0028,0,0,25
EU_32009L0028_Title_0_Chapter_0_Section_0_Article_02,9,3782,420.22222222222223,1,4,0,0,0,1,0,0,0,0,0,4,0,0,0,1,0,0,0,0,0,0,0,0,0,0,0,0,1,0,1,0,0,1,1,5,0,4,0,32009L0028,0,0,13
EU_32018L0844_Title_0_Chapter_0_Section_0_Article_04,7,166,23.714285714285715,0,0,0,0,0,0,0,0,0,0,0,0,0,1,0,0,0,0,0,0,0,0,0,0,1,0,0,0,0,0,0,0,0,0,0,1,1,0,0,32018L0844,0,0,3
EU_32012L0027_Title_0_Chapter_2_Section_0_Article_10,12,3067,255.58333333333334,2,2,0,0,0,1,1,0,0,0,0,2,1,0,0,1,0,0,0,0,0,0,0,1,0,0,1,0,1,0,0,0,0,0,0,5,1,2,0,32012L0027,2,0,11
EU_32012L0027_Title_0_Chapter_2_Section_0_Article_04,15,979,65.26666666666667,2,1,1,1,0,1,0,0,0,1,0,1,0,0,2,1,1,0,0,0,0,0,0,0,0,2,0,0,0,1,0,0,0,0,0,5,2,1,2,32012L0027,2,0,15
EU_32019L0944_Title_0_Chapter_5_Section_0_Article_40,13,7901,607.7692307692307,2,5,1,1,0,1,1,0,0,0,0,5,0,0,0,1,0,0,0,0,0,0,0,0,0,0,1,0,1,1,1,0,1,0,0,7,0,5,2,32019L0944,5,0,21
EU_32019L0944_Title_0_Chapter_4_Section_0_Article_30,6,351,58.5,2,0,0,0,0,1,1,0,0,0,0,0,0,0,0,1,0,0,0,0,0,0,0,0,0,0,0,0,0,0,0,0,0,0,0,2,0,0,0,32019L0944,4,0,2
EU_32019R0631_Title_0_Chapter_0_Section_0_Article_15,34,4885,143.6764705882353,6,4,1,1,1,0,1,0,2,3,0,4,3,0,2,0,1,1,1,0,0,0,0,3,0,2,1,1,1,0,1,0,0,0,0,15,5,4,3,32019R0631,0,0,39
EU_32019R0631_Title_0_Chapter_0_Section_0_Article_01,53,2846,53.698113207547166,0,1,1,0,0,0,0,0,0,0,0,1,7,5,0,0,0,0,0,0,0,0,0,7,5,0,0,0,1,0,0,0,0,0,0,13,12,1,1,32019R0631,0,0,41
EU_32018R1999_Title_0_Chapter_7_Section_3_Article_45,16,711,44.4375,3,0,1,1,0,0,0,0,0,3,0,0,1,0,1,0,1,1,1,0,0,0,0,1,0,1,0,0,0,0,0,0,0,0,0,5,2,0,2,32018R1999,7,3,13
EU_32018R1999_Title_0_Chapter_7_Section_3_Article_51,14,1072,76.57142857142857,5,0,0,1,0,0,0,0,2,3,0,0,0,1,0,0,1,1,1,0,0,0,0,0,1,0,0,0,0,0,0,0,0,0,0,6,1,0,1,32018R1999,7,3,10
EU_32008R1099_Title_0_Chapter_0_Section_0_Article_03,8,1074,134.25,1,1,0,1,0,0,0,0,0,0,1,1,0,0,0,1,0,0,0,0,0,0,0,0,0,0,0,0,1,0,0,0,0,0,0,2,0,1,1,32008R1099,0,0,6
EU_32019L0944_Title_0_Chapter_2_Section_0_Article_06,13,1736,133.53846153846155,2,1,0,0,0,1,1,0,0,0,0,1,2,0,0,1,0,0,0,0,0,0,0,2,0,0,0,0,0,0,0,0,0,0,1,5,2,1,0,32019L0944,2,0,11
