step,train_loss,train_accuracy,valid_loss,valid_mean_token_accuracy,train_mean_reward,full_validation_mean_reward
1,0.34679,0.94427,,,,
2,0.71611,0.87662,,,,
3,0.81913,0.92308,,,,
4,0.96039,0.86325,,,,
5,0.88942,0.85714,,,,
6,1.05664,0.89362,,,,
7,0.64016,0.8997,,,,
8,0.71252,0.90977,,,,
9,0.47965,0.94231,,,,
10,0.54041,0.93269,0.42705,0.93913,,
11,0.24514,0.96154,,,,
12,0.29693,0.93865,,,,
13,0.29937,0.93563,,,,
14,0.3897,0.9186,,,,
15,0.1526,0.95283,,,,
16,0.22861,0.95111,,,,
17,0.18439,0.94815,,,,
18,0.25739,0.94692,,,,
19,0.29372,0.94034,,,,
20,0.005,1,0.20342,0.94672,,
21,0.36002,0.91882,,,,
22,0.10513,0.95732,,,,
23,0.22008,0.94245,,,,
24,0.15826,0.93333,,,,
25,0.26541,0.9186,,,,
26,0.14033,0.95146,,,,
27,0.10659,0.95783,,,,
28,0.13141,0.95139,,,,
29,0.19472,0.9477,,,,
30,0.14804,0.95455,0.10247,0.97661,,
31,0.1236,0.96462,,,,
32,0.0998,0.97619,,,,
33,0.12245,0.94882,,,,
34,0.13353,0.96339,,,,
35,0.06923,0.97391,,,,
36,0.11704,0.9598,,,,
37,0.10882,0.95775,,,,
38,0.17004,0.95918,,,,
39,0.09124,0.97619,,,,
40,0.10631,0.95771,0.07853,0.96532,,
41,0.08371,0.96711,,,,
42,0.05481,0.97696,,,,
43,0.02862,0.99301,,,,
44,0.18831,0.94915,,,,
45,0.08998,0.96599,,,,
46,0.09029,0.95789,,,,
47,0.07923,0.98204,,,,
48,0.16608,0.95238,,,,
49,0.06652,0.96996,,,,
50,0.16111,0.97122,0.00382,1,,
51,0.04797,0.97409,,,,
52,0.039,0.97842,,,,
53,0.119,0.95035,,,,
54,0.1282,0.95376,,,,
55,0.0695,0.97432,,,,
56,0.11289,0.96703,,,,
57,0.01935,0.99507,,,,
58,0.11347,0.96486,,,,
59,0.05211,0.98241,,,,
60,0.05715,0.98769,0.15391,0.95935,,
61,0.0594,0.98011,,,,
62,0.11046,0.96063,,,,
63,0.05854,0.97183,,,,
64,0.05594,0.98214,,,,
65,0.07706,0.97361,,,,
66,0.08287,0.97817,,,,
67,0.10774,0.96783,,,,
68,0.02118,0.99095,,,,
69,0.10703,0.9596,,,,
70,0.07367,0.98077,0.0713,0.98936,,
71,0.06346,0.97826,,,,
72,0.05686,0.98293,,,,
73,0.02349,0.99381,,,,
74,0.067,0.97414,,,,
75,0.14372,0.93607,,,,
76,0.1309,0.94585,,,,
77,0.05781,0.98113,,,,
78,0.03977,0.98788,,,,
79,0.05243,0.97744,,,,
80,0.03905,0.98616,0.04207,0.98473,,
81,0.02863,0.99275,,,,
82,0.08313,0.98077,,,,
83,0.07145,0.97727,,,,
84,0.03334,0.98031,,,,
85,0.09326,0.97279,,,,
86,0.1127,0.96154,,,,
87,0.11834,0.9557,,,,
88,0.04235,0.98413,,,,
89,0.13594,0.968,,,,
90,0.05291,0.98225,0.07505,0.97276,,
91,0.12697,0.9586,,,,
92,0.09784,0.96899,,,,
93,0.04404,0.97945,,,,
94,0.16469,0.96178,,,,
95,0.051,0.98964,,,,
96,0.0206,0.99482,,,,
97,0.04991,0.97692,,,,
98,0.05005,0.98205,,,,
99,0.05495,0.97454,,,,
100,0.06335,0.9701,0.03257,0.98936,,
101,0.05037,0.97872,,,,
102,0.07432,0.97746,,,,
103,0.03519,0.99248,,,,
104,0.06462,0.96678,,,,
105,0.10187,0.95205,,,,
106,0.07136,0.9761,,,,
107,0.05265,0.98261,,,,
108,0.03416,0.98394,,,,
109,0.04551,0.97479,,,,
110,0.02752,0.99057,0.05171,0.98082,,
111,0.03589,0.98812,,,,
112,0.09218,0.96129,,,,
113,0.02048,1,,,,
114,0.08795,0.9685,,,,
115,0.0596,0.975,,,,
116,0.00531,1,,,,
117,0.00137,1,,,,
118,0.04379,0.98374,,,,
119,0.06404,0.98773,,,,
120,0.15584,0.95882,0.03552,0.98089,,
121,0.05232,0.96761,,,,
122,0.06313,0.97706,,,,
123,0.05355,0.9825,,,,
124,0.00019,1,,,,
125,0.11186,0.9761,,,,
126,0.08684,0.98413,,,,
127,0.02415,0.99105,,,,
128,0.05479,0.98165,,,,
129,0.10617,0.96,,,,
130,0.0481,0.98113,0.03662,0.98621,,
131,0.00964,0.99617,,,,
132,0.03369,0.99228,,,,
133,0.03041,0.99174,,,,
134,0.02229,0.98473,,,,
135,0.12235,0.95964,,,,
136,0.10855,0.96682,,,,
137,0.07282,0.97544,,,,
138,0.04238,0.98373,,,,
139,0.01729,0.99057,,,,
140,0.05673,0.98783,0.10811,0.97026,,
141,0.11482,0.96,,,,
142,0.06118,0.97409,,,,
143,0.06956,0.98039,,,,
144,0.00386,1,,,,
145,0.03907,0.98848,,,,
146,0.04766,0.98168,,,,
147,0.07513,0.96711,,,,
148,0.05054,0.97857,,,,
149,0.03098,0.992,,,,
150,0.07996,0.98101,0.05424,0.98108,,
151,0.12468,0.96629,,,,
152,0.02112,0.98413,,,,
153,0.06229,0.98319,,,,
154,0.09193,0.96815,,,,
155,0.10095,0.97674,,,,
156,0.065,0.97826,,,,
157,0.13798,0.9771,,,,
158,0.0783,0.96753,,,,
159,0.05426,0.97436,,,,
160,0.09508,0.97386,0.07376,0.98582,,
161,0.01533,0.99617,,,,
162,0.06268,0.97667,,,,
163,0.0462,0.98065,,,,
164,0.03099,0.98361,,,,
165,0.04611,0.98106,,,,
166,0.05313,0.99038,,,,
167,0.01257,0.99805,,,,
168,0.06594,0.96063,,,,
169,0.03718,0.97814,,,,
170,0.07221,0.98667,0.10032,0.98095,,
171,0.04578,0.98095,,,,
172,0.04514,0.98126,,,,
173,0.04377,0.98936,,,,
174,0.02502,0.98936,,,,
175,0.06027,0.98194,,,,
176,0.0673,0.97761,,,,
177,0.08023,0.96023,,,,
178,0.0143,0.99057,,,,
179,0.03514,0.98431,,,,
180,0.06054,0.98089,0.04307,0.98524,,
181,0.07373,0.96571,,,,
182,0.04461,0.98601,,,,
183,0.07846,0.97492,,,,
184,0.03947,0.98885,,,,
185,0.00893,0.98936,,,,
186,0.08499,0.97884,,,,
187,0.03575,0.9863,,,,
188,0.0683,0.98206,,,,
189,0.03766,0.97619,,,,
190,0.09986,0.96422,0.04473,0.98678,,
191,0.0907,0.96122,,,,
192,0.00128,1,,,,
193,0.04684,0.97941,,,,
194,0.02921,0.98566,,,,
195,0.01322,1,,,,
196,0.05929,0.98162,,,,
197,0.07442,0.98644,,,,
198,0.03618,0.98806,,,,
199,0.06794,0.97812,,,,
200,0.05541,0.96928,0.03019,0.98529,,
201,0.04006,0.9802,,,,
202,0.07367,0.97872,,,,
203,0.06026,0.98425,,,,
204,0.00522,1,,,,
205,0.04391,0.97761,,,,
206,0.02525,1,,,,
207,0.08085,0.98042,,,,
208,7.00E-05,1,,,,
209,0.0427,0.98276,,,,
210,0.05125,0.98246,0.09921,0.97009,,
211,0.0948,0.96429,,,,
212,0.04399,0.97243,,,,
213,0.07234,0.97154,,,,
214,0.0276,0.98413,,,,
215,0.0775,0.97255,,,,
216,0.13536,0.98276,,,,
217,0.04266,0.99338,,,,
218,0.018,0.99138,,,,
219,0.00354,1,,,,
220,0.06902,0.98161,0.07295,0.9736,,
221,0.1126,0.9527,,,,
222,0.06967,0.97201,,,,
223,0.01723,0.99408,,,,
224,0.0703,0.99213,,,,
225,0.03539,0.98936,,,,
226,0.02402,0.99479,,,,
227,0.01758,0.99138,,,,
228,4.00E-05,1,,,,
229,0.02684,0.98339,,,,
230,0.08777,0.95152,0.04726,0.98462,,
231,0.04789,0.98291,,,,
232,0.06448,0.98571,,,,
233,0.10343,0.95822,,,,
234,0.08893,0.97386,,,,
235,0.07987,0.97321,,,,
236,0.02934,0.98195,,,,
237,0.08714,0.96571,,,,
238,0.04451,0.98433,,,,
239,0.03801,0.98936,,,,
240,0.0454,0.98387,0.06824,0.97287,,
241,0.04756,0.98333,,,,
242,0.10348,0.96117,,,,
243,0.00991,1,,,,
244,0.02266,0.99383,,,,
245,0.05749,0.97758,,,,
246,0.04279,0.9863,,,,
247,0.0467,0.97784,,,,
248,0.03983,0.9726,,,,
249,0.01642,0.99038,,,,
250,0.01737,0.99138,0.0933,0.95152,,
251,0.01643,0.99383,,,,
252,0.09956,0.96296,,,,
253,0.02979,0.98872,,,,
254,0.03441,0.99487,,,,
255,0.00012,1,,,,
256,0.04086,0.98352,,,,
257,0.08839,0.97009,,,,
258,0.00773,1,,,,
259,0.00394,1,,,,
260,3.00E-05,1,0.077,0.97688,,
261,0.03144,0.97479,,,,
262,0.07792,0.98065,,,,
263,0.06972,0.97778,,,,
264,0.03392,0.98745,,,,
265,0.11101,0.95973,,,,
266,0.08135,0.97966,,,,
267,0.02591,0.99057,,,,
268,0.05517,0.97448,,,,
269,0.06423,0.98582,,,,
270,0.05169,0.98459,0.01322,0.99483,,
271,0.03713,0.99248,,,,
272,0.07354,0.97328,,,,
273,0.05976,0.96729,,,,
274,0.07636,0.96818,,,,
275,0.0821,0.98529,,,,
276,0.03857,0.97818,,,,
277,0.04173,0.98039,,,,
278,0.02358,0.98929,,,,
279,0.05682,0.97516,,,,
280,0.01994,0.99225,0.01471,0.99605,,
281,0.03178,0.98425,,,,
282,0.0699,0.9791,,,,
283,0.04542,0.98107,,,,
284,0.02871,0.99194,,,,
285,0.03115,0.98276,,,,
286,0.02927,0.99281,,,,
287,0.03575,0.98268,,,,
288,0.01622,0.99213,,,,
289,0.08476,0.97004,,,,
290,0.05405,0.98182,0.08101,0.98316,,
291,0.05826,0.98261,,,,
292,0.10052,0.9739,,,,
293,0.04977,0.97398,,,,
294,0.00057,1,,,,
295,0.02613,0.99083,,,,
296,0.00451,1,,,,
297,0.06835,0.97297,,,,
298,0.01291,1,,,,
299,0.02127,0.99083,,,,
300,0.05566,0.98374,0.01692,0.99242,,
301,0.0378,0.98829,,,,
302,0.01824,0.99697,,,,
303,0.05043,0.98031,,,,
304,0.0008,1,,,,
305,0.10131,0.96947,,,,
306,0.00766,1,,,,
307,0.03945,0.97945,,,,
308,0.00659,1,,,,
309,0.01844,0.98864,,,,
310,0.02057,0.99231,0.02345,0.99248,,
311,0.04246,0.99145,,,,
312,0.00034,1,,,,
313,0.01132,0.99548,,,,
314,0.02538,0.98387,,,,
315,0.00903,0.99713,,,,
316,0.02633,0.98872,,,,
317,0.00056,1,,,,
318,0.05804,0.97143,,,,
319,0.02714,0.99219,,,,
320,0.04681,0.976,0.00282,1,,
321,0.03732,0.98876,,,,
322,0.02154,0.98973,,,,
323,0.10068,0.9661,,,,
324,0.00082,1,,,,
325,6.00E-05,1,,,,
326,0.10379,0.97071,,,,
327,0.0249,0.98101,,,,
328,0.06225,0.96988,,,,
329,0.07399,0.98765,,,,
330,0.00075,1,0.03245,0.98125,,
331,0.0733,0.97619,,,,
332,0.04252,0.97778,,,,
333,0.04483,0.97143,,,,
334,0.06042,0.97321,,,,
335,0.05161,0.98225,,,,
336,0.0581,0.97087,,,,
337,0.03111,0.98674,,,,
338,0.04946,0.98855,,,,
339,0.01596,0.99213,,,,
340,0.03691,0.98561,0.04631,0.98777,,
341,0.03405,0.98599,,,,
342,0.07025,0.97492,,,,
343,0.04531,0.97647,,,,
344,0.00026,1,,,,
345,0.00157,1,,,,
346,0.02275,0.98872,,,,
347,0.09659,0.96104,,,,
348,0.00734,0.99528,,,,
349,0.00071,1,,,,
350,0.06853,0.96804,0.0442,0.98561,,
351,0.02061,0.99225,,,,
352,0.05481,0.97445,,,,
353,0.0406,0.98726,,,,
354,0.03729,0.98758,,,,
355,0.00167,1,,,,
356,0.03009,0.99301,,,,
357,0.04189,0.99063,,,,
358,0.02622,0.99189,,,,
359,0.0114,0.99691,,,,
360,0.00336,1,0.07936,0.96635,,
361,0.08775,0.98413,,,,
362,0.06096,0.98182,,,,
363,0.12534,0.97872,,,,
364,0.02954,0.98684,,,,
365,0.01404,1,,,,
366,0.02597,0.98545,,,,
367,0.03599,0.98901,,,,
368,0.0004,1,,,,
369,0.03272,0.98671,,,,
370,0.03289,0.99471,0.05389,0.98195,,
371,0.08611,0.965,,,,
372,0.01664,0.99248,,,,
373,0.0152,0.99419,,,,
374,0.01668,0.99315,,,,
375,0.0319,0.99315,,,,
376,0.03811,0.98571,,,,
377,0.0127,0.99704,,,,
378,0.04607,0.98294,,,,
379,0.06512,0.99138,,,,
380,0.02057,0.99105,0.04504,0.97101,,
381,5.00E-05,1,,,,
382,0.05192,0.9812,,,,
383,0.03833,0.98052,,,,
384,0.05811,0.98261,,,,
385,0.10041,0.96403,,,,
386,0.01741,0.99563,,,,
387,0.00032,1,,,,
388,0.00018,1,,,,
389,0.00021,1,,,,
390,0.03422,0.98726,0.00014,1,,
391,0.07525,0.98206,,,,
392,0.03732,0.99254,,,,
393,0.08315,0.98095,,,,
394,0.059,0.98176,,,,
395,0.01985,0.98897,,,,
396,0.05846,0.9881,,,,
397,0.06018,0.97561,,,,
398,0.03201,0.99216,,,,
399,0.04194,0.98137,,,,
400,0.04543,0.98553,0.02987,0.98762,,
401,0.07006,0.97419,,,,
402,0.03517,0.99145,,,,
403,0.0044,1,,,,
404,6.00E-05,1,,,,
405,0.02383,0.98925,,,,
406,0.02788,0.97619,,,,
407,0.0107,0.99541,,,,
408,0.10739,0.9799,,,,
409,0.05383,0.98394,,,,
410,0.05693,0.98592,0.10968,0.96364,,
411,0.01421,1,,,,
412,0.03583,0.99206,,,,
413,0.02093,0.99174,,,,
414,0.00157,1,,,,
415,0.03556,0.99556,,,,
416,0.05863,0.97688,,,,
417,0.04318,0.97877,,,,
418,0.04134,0.98248,,,,
419,0.02103,0.98907,,,,
420,4.00E-05,1,0.03096,0.99057,,
421,0.01187,0.99567,,,,
422,0.02184,0.99216,,,,
423,0.10694,0.9798,,,,
424,0.08338,0.96154,,,,
425,0.06236,0.98507,,,,
426,0.02455,0.98925,,,,
427,0.07849,0.9619,,,,
428,0.02247,0.98907,,,,
429,0.01033,0.99015,,,,
430,0.03707,0.98496,0.02505,0.99355,,
431,0.06744,0.98125,,,,
432,0.01763,0.99308,,,,
433,0.06463,0.9685,,,,
434,0.02502,0.9878,,,,
435,0.06613,0.97452,,,,
436,0.03269,0.98655,,,,
437,0.02032,1,,,,
438,0.0217,0.99138,,,,
439,0.02195,0.99338,,,,
440,0.04972,0.98172,0.02863,0.98953,,
441,0.06029,0.97309,,,,
442,0.00172,1,,,,
443,0.00948,0.99692,,,,
444,0.05254,0.97727,,,,
445,0.03912,0.98745,,,,
446,0.02904,0.98705,,,,
447,0.0472,0.97674,,,,
448,0.06056,0.97386,,,,
449,0.03252,0.98564,,,,
450,0.0348,0.98947,0.02178,0.99454,,
451,0.02783,0.99259,,,,
452,0.03174,0.99206,,,,
453,0.0241,0.99275,,,,
454,0.01423,0.99206,,,,
455,0.00729,1,,,,
456,0.00025,1,,,,
457,0.11436,0.97048,,,,
458,0.03169,0.9908,,,,
459,0.06913,0.98382,,,,
460,0.04484,0.97955,0.11965,0.97321,,
461,0.01261,0.99505,,,,
462,0.01838,0.99278,,,,
463,0.0091,0.99213,,,,
464,0.01592,0.99275,,,,
465,0.04012,0.98613,,,,
466,0.05442,0.97857,,,,
467,0.059,0.97419,,,,
468,0.04574,0.99038,,,,
469,0.03712,0.98028,,,,
470,0.04006,0.99291,0.02098,0.99614,,
471,0.04447,0.98106,,,,
472,0.0394,0.98615,,,,
473,0.04484,0.97834,,,,
474,0.07701,0.97674,,,,
475,9.00E-05,1,,,,
476,0.01,0.99614,,,,
477,0.02553,0.99104,,,,
478,0.02573,0.99306,,,,
479,0.03712,0.98261,,,,
480,0.02686,0.99248,0.01996,0.99667,,
481,0.05365,0.98131,,,,
482,0.01252,1,,,,
483,0.05496,0.96795,,,,
484,0.05701,0.97414,,,,
485,0.03501,0.98431,,,,
486,0.06165,0.97452,,,,
487,0.04218,0.98061,,,,
488,0.05234,0.98418,,,,
489,0.00049,1,,,,
490,0.00413,1,0.03389,0.9877,,
491,0.00018,1,,,,
492,0.04591,0.98644,,,,
493,0.03289,0.98691,,,,
494,0.01492,0.99604,,,,
495,0.04224,0.98726,,,,
496,0.10614,0.98319,,,,
497,0.07184,0.97314,,,,
498,0.03736,0.98376,,,,
499,0.01254,0.99691,,,,
500,0.00026,1,0.01946,0.98456,,
501,0.05701,0.98529,,,,
502,3.00E-05,1,,,,
503,0.02426,0.99234,,,,
504,0.03903,0.98513,,,,
505,0.02675,0.99048,,,,
506,0.0042,1,,,,
507,0.07113,0.97842,,,,
508,0.01441,0.99461,,,,
509,0.04515,0.98667,,,,
510,0.03655,0.9842,0.07686,0.98131,,
511,0.03106,0.985,,,,
512,0.05094,0.98039,,,,
513,0.0209,0.98734,,,,
514,0.07897,0.96939,,,,
515,0.03729,0.98125,,,,
516,0.02337,0.99786,,,,
517,0.03919,0.97619,,,,
518,0.02179,0.99336,,,,
519,0.03049,0.98864,,,,
520,0.05713,0.98925,0.03135,0.99187,,
521,3.00E-05,1,,,,
522,0.00925,1,,,,
523,0.07459,0.97647,,,,
524,0.01392,1,,,,
525,1.00E-05,1,,,,
526,0.02452,0.99333,,,,
527,0.0219,0.99194,,,,
528,0.00357,0.99767,,,,
529,0.01332,0.99138,,,,
530,0.06534,0.96454,0.03302,0.99105,,
531,0.0174,1,,,,
532,0.04371,0.98398,,,,
533,0.01526,0.99281,,,,
534,0.0509,0.98286,,,,
535,6.00E-05,1,,,,
536,0.06925,0.98315,,,,
537,0.01622,0.99257,,,,
538,0.03948,0.98421,,,,
539,0.04088,0.98261,,,,
540,0.02094,0.99315,0.04751,0.97122,,
541,0.01222,0.99234,,,,
542,0.03983,0.99482,,,,
543,0.00163,1,,,,
544,6.00E-05,1,,,,
545,0.02751,0.99213,,,,
546,0.02621,0.99038,,,,
547,0.01967,0.98742,,,,
548,0.00592,0.99609,,,,
549,0.00255,1,,,,
550,0.0289,0.98756,4.00E-05,1,,
551,0.01756,0.98944,,,,
552,0.06614,0.96951,,,,
553,7.00E-05,1,,,,
554,0.03275,0.98026,,,,
555,0.05379,0.9739,,,,
556,0.001,1,,,,
557,0.03226,0.98671,,,,
558,0.01785,0.99487,,,,
559,0.05348,0.98291,,,,
560,0.0461,0.99038,0.07913,0.97399,,
561,0.0682,0.97809,,,,
562,0.05008,0.97568,,,,
563,0.04012,0.98321,,,,
564,0.01652,0.98712,,,,
565,0.04119,0.98378,,,,
566,0.02791,0.98848,,,,
567,0.04633,0.98417,,,,
568,0.03928,0.98802,,,,
569,0.04728,0.97976,,,,
570,0.05044,0.98052,0.0495,0.97887,,
571,0.02686,0.9898,,,,
572,0.04529,0.98611,,,,
573,0.04477,0.97855,,,,
574,0.04315,0.98667,,,,
575,0.0383,0.98644,,,,
576,0.01349,0.99685,,,,
577,0.07941,0.97386,,,,
578,0.04068,0.99329,,,,
579,0.03868,0.9816,,,,
580,0.02832,0.98739,0.07138,0.97569,,
581,0.03174,0.98782,,,,
582,2.00E-05,1,,,,
583,0.08044,0.97442,,,,
584,0.07597,0.97802,,,,
585,0.01026,0.99645,,,,
586,0.03004,0.99415,,,,
587,6.00E-05,1,,,,
588,0.061,0.9741,,,,
589,0.0443,0.9881,,,,
590,0.00258,1,0.03664,0.99213,,
591,0.02492,0.99281,,,,
592,0.04368,0.98594,,,,
593,0.01614,0.99259,,,,
594,0.00466,1,,,,
595,0.03444,0.98684,,,,
596,4.00E-05,1,,,,
597,1.00E-05,1,,,,
598,0.01551,0.99248,,,,
599,0.01966,0.99219,,,,
600,0.03722,0.98485,0.04324,0.98162,,
601,0.00953,1,,,,
602,0.01686,0.99259,,,,
603,0.03233,0.99206,,,,
604,0.01281,0.99248,,,,
605,0.02863,0.98305,,,,
606,0.05269,0.97872,,,,
607,0.01274,0.99471,,,,
608,0.01707,0.99454,,,,
609,0.02874,0.98496,,,,
610,1.00E-05,1,0.05085,0.9823,,
611,0.02169,0.9913,,,,
612,0.04153,0.976,,,,
613,0.02592,0.99053,,,,
614,0.0111,0.99648,,,,
615,0.0515,0.98413,,,,
616,0.02579,0.98734,,,,
617,0.01433,0.99336,,,,
618,0.03609,0.98374,,,,
619,0.01162,0.99213,,,,
620,0.00454,1,0.03726,0.98507,,
621,0.01725,0.99215,,,,
622,0.00059,1,,,,
623,7.00E-05,1,,,,
624,0.05962,0.98077,,,,
625,0.02662,0.99375,,,,
626,0.00079,1,,,,
627,0.01198,0.99329,,,,
628,0.0444,0.98606,,,,
629,0.0112,1,,,,
630,0.00946,1,0.04039,0.98765,,
631,0.03212,0.98684,,,,
632,0.02189,0.99497,,,,
633,0.0032,1,,,,
634,0.03055,0.99216,,,,
635,0.05147,0.98706,,,,
636,0.00868,0.99716,,,,
637,0.02798,0.99524,,,,
638,0.02398,0.98261,,,,
639,0.02477,0.98765,,,,
640,0.04803,0.98182,0.06859,0.97382,,
641,0.02649,0.99138,,,,
642,0.0416,0.97976,,,,
643,0.03711,0.98378,,,,
644,0.03151,0.99103,,,,
645,0.01771,0.99194,,,,
646,0.02679,0.98973,,,,
647,2.00E-05,1,,,,
648,0.06957,0.97735,,,,
649,0.0124,0.99668,,,,
650,0.00174,1,0.01681,0.99254,,
651,0.03575,0.97966,,,,
652,3.00E-05,1,,,,
653,0.04774,0.98262,,,,
654,0.0558,0.97386,,,,
655,0.04109,0.97956,,,,
656,0.00919,0.99145,,,,
657,0.00878,1,,,,
658,0.01916,0.99355,,,,
659,0.03122,0.9878,,,,
660,0.07451,0.97452,0.05685,0.97931,,
661,0.01622,0.99216,,,,
662,0.01386,0.99373,,,,
663,0.00803,1,,,,
664,0.01685,0.99331,,,,
665,0.01034,1,,,,
666,0.02471,0.99003,,,,
667,0.04989,0.97744,,,,
668,0.02333,0.9944,,,,
669,0.0014,1,,,,
670,0.01883,0.99572,0.04144,0.98374,,
671,0.01845,0.99204,,,,
672,0.03145,0.9898,,,,
673,0.0412,0.97778,,,,
674,0.01698,0.99391,,,,
675,0.01167,0.99206,,,,
676,0.00509,1,,,,
677,0.02096,0.99422,,,,
678,5.00E-05,1,,,,
679,0.00114,1,,,,
680,0.00088,1,0.03693,0.99296,,
681,0.03006,0.98714,,,,
682,0.00152,1,,,,
683,0.05175,0.98425,,,,
684,0.01376,0.99145,,,,
685,0.0165,0.99111,,,,
686,0.03853,0.98901,,,,
687,0.03901,0.97378,,,,
688,0.02186,0.99575,,,,
689,0.0183,0.99213,,,,
690,0.02047,0.99292,0.1496,0.96538,,
691,0.01961,0.99278,,,,
692,9.00E-05,1,,,,
693,0.00082,1,,,,
694,0.00591,1,,,,
695,0.03472,0.98655,,,,
696,0.05017,0.97917,,,,
697,0.01209,0.99213,,,,
698,0.02003,0.99487,,,,
699,0.04377,0.98182,,,,
700,0.02146,0.98885,0.0462,0.9845,,
701,0.02111,0.99408,,,,
702,0.0309,0.98857,,,,
703,0.04141,0.98718,,,,
704,0.01727,0.99475,,,,
705,0.1323,0.96947,,,,
706,3.00E-05,1,,,,
707,0.0058,1,,,,
708,0.02379,0.99232,,,,
709,0.06326,0.9871,,,,
710,0.0579,0.9916,0.03239,0.98913,,
711,0.04156,0.98153,,,,
712,0.00087,1,,,,
713,0.00911,0.99716,,,,
714,1.00E-05,1,,,,
715,0.03113,0.98473,,,,
716,0.0104,1,,,,
717,0.04262,0.99045,,,,
718,0.02278,0.98997,,,,
719,0.07961,0.97414,,,,
720,0.03446,0.98909,0.0485,0.9823,,
721,0.0555,0.98374,,,,
722,0.01822,0.98726,,,,
723,0.00403,1,,,,
724,0.0256,0.99188,,,,
725,0.01728,0.99225,,,,
726,0.01065,0.99624,,,,
727,0.04598,0.98052,,,,
728,0.02475,0.98913,,,,
729,0.03907,0.97872,,,,
730,0.02106,0.99254,1.00E-05,1,,
731,0.06943,0.97699,,,,
732,0.0383,0.99072,,,,
733,0.02627,0.99387,,,,
734,0.00047,1,,,,
735,5.00E-05,1,,,,
736,0.00118,1,,,,
737,0.00149,1,,,,
738,0.01419,0.9931,,,,
739,0.01524,0.99265,,,,
740,0.0417,0.98592,0.05305,0.99222,,
741,1.00E-05,1,,,,
742,0.0128,0.99315,,,,
743,0.00138,1,,,,
744,0.05273,0.98864,,,,
745,0.00145,1,,,,
746,0.01391,0.99415,,,,
747,0.02973,0.98433,,,,
748,3.00E-05,1,,,,
749,0.03204,0.98206,,,,
750,0.02423,0.98571,1.00E-05,1,,
751,0.00087,1,,,,
752,0.02307,0.98928,,,,
753,0.04094,0.99628,,,,
754,0.00894,0.99667,,,,
755,0.05623,0.98214,,,,
756,0.01734,0.98851,,,,
757,0.01351,0.99756,,,,
758,0.01639,0.99265,,,,
759,0.00032,1,,,,
760,0.00397,1,0.02569,0.98462,,
761,3.00E-05,1,,,,
762,0.03122,0.98529,,,,
763,0.01008,0.99615,,,,
764,0.01558,0.9913,,,,
765,0.01774,0.99286,,,,
766,0.01083,0.99281,,,,
767,1.00E-05,1,,,,
768,0.04603,0.9759,,,,
769,0.00218,1,,,,
770,0.0012,1,0.03308,0.99412,,
771,0.01019,0.99502,,,,
772,0.02419,0.99375,,,,
773,1.00E-05,1,,,,
774,1.00E-05,1,,,,
775,0.04377,0.99004,,,,
776,0.03695,0.97842,,,,
777,0.02732,0.98065,,,,
778,0.03582,0.98892,,,,
779,0.07415,0.98485,,,,
780,0.01404,0.995,1.00E-05,1,,
781,0.01103,0.99571,,,,
782,0.01522,0.99194,,,,
783,0.00805,0.99604,,,,
784,0.06899,0.98649,,,,
785,0.04378,0.98039,,,,
786,0.00043,1,,,,
787,0.03595,0.98176,,,,
788,1.00E-05,1,,,,
789,0.01493,0.99582,,,,
790,0.00531,0.99776,0.05604,0.97931,,
791,0.01408,0.99371,,,,
792,0.02724,0.99189,,,,
793,0.02331,0.98923,,,,
794,0.03616,0.98315,,,,
795,0.01957,0.99556,,,,
796,0.05055,0.9845,,,,
797,0.00221,1,,,,
798,0.00316,1,,,,
799,0.02674,0.98596,,,,
800,0.06563,0.98155,0.03201,0.98361,,
801,3.00E-05,1,,,,
802,0.0002,1,,,,
803,0.01831,0.99306,,,,
804,0.00239,1,,,,
805,0.00187,1,,,,
806,7.00E-05,1,,,,
807,0.00048,1,,,,
808,0.00044,1,,,,
809,0.00815,0.99685,,,,
810,0.00268,1,0.06293,0.97863,,
811,0.00219,1,,,,
812,0.02718,0.98873,,,,
813,1.00E-05,1,,,,
814,0.01189,0.99388,,,,
815,0.01527,0.99424,,,,
816,0.02836,0.98615,,,,
817,1.00E-05,1,,,,
818,0.03995,0.99286,,,,
819,0.02467,0.98907,,,,
820,0.01259,0.99206,0.04144,0.97596,,
821,0.00076,1,,,,
822,0.01584,0.99097,,,,
823,0.04239,0.98837,,,,
824,0.06102,0.98039,,,,
825,0.02598,0.98137,,,,
826,0.02704,0.99283,,,,
827,0.02,0.99085,,,,
828,0.01295,0.99725,,,,
829,0.045,0.99103,,,,
830,0.02238,0.9898,0.07857,0.9697,,
831,0.02531,0.99076,,,,
832,0.05592,0.96804,,,,
833,0.06151,0.97674,,,,
834,0.00252,1,,,,
835,0.00035,1,,,,
836,0.00371,1,,,,
837,0.02518,0.9863,,,,
838,0.0163,0.99793,,,,
839,0.00834,0.99458,,,,
840,0.06341,0.97619,0.11428,0.96923,,
841,9.00E-05,1,,,,
842,0.03108,0.98857,,,,
843,0.00618,1,,,,
844,0.02967,0.99383,,,,
845,0.03727,0.98235,,,,
846,0.02301,0.98947,,,,
847,0.00296,1,,,,
848,0.00042,1,,,,
849,0.00368,1,,,,
850,0.04232,0.98701,0.05621,0.9823,,
851,0.00015,1,,,,
852,0.01326,0.99701,,,,
853,0.00784,0.99281,,,,
854,1.00E-05,1,,,,
855,0.06424,0.98119,,,,
856,0.0112,0.99659,,,,
857,3.00E-05,1,,,,
858,0.02826,0.99482,,,,
859,0.00151,1,,,,
860,2.00E-05,1,0.02844,0.98726,,
861,0,1,,,,
862,0.01311,0.99573,,,,
863,0.02178,0.9888,,,,
864,0.01217,1,,,,
865,0.01268,0.99138,,,,
866,0.00247,1,,,,
867,0.05837,0.97664,,,,
868,0.03197,0.99367,,,,
869,0.00432,1,,,,
870,1.00E-05,1,0.02124,0.98592,,
871,0.00396,1,,,,
872,0.02787,0.98667,,,,
873,0.02147,0.99401,,,,
874,0.03341,0.985,,,,
875,0.01554,0.99063,,,,
876,0.01825,0.99223,,,,
877,1.00E-05,1,,,,
878,0.02893,0.99026,,,,
879,0.02954,0.98413,,,,
880,0.00051,1,0.03651,0.98444,,
881,0.00233,1,,,,
882,0.00332,1,0.02044,0.99329,,